title,description,published date,url,clean_title
The stock market is more overvalued than at almost any time in U.S. history — by virtually every measure - MarketWatch,The stock market is more overvalued than at almost any time in U.S. history — by virtually every measure  MarketWatch,"Mon, 27 Oct 2025 18:13:00 GMT",https://news.google.com/rss/articles/CBMi3wNBVV95cUxPZjJoTFBxVDk5Rk5CeHBCUm45N201Y2JLMFlrak43Vmszb09WanU4VHByYmd3cHJWb0VMMVZVU0NxU0xRR1FoNkRrWERDOWZsYjZsY1BjdkZzYXVPa2xTUUw0YzFiOUg5SngxUWpVU2tfOHk2N19BWktUOExFUWhhOVRUMUxuM2k5UDhSa2VnY2RKcFkwMXp1UVRhZEVGeGxoWnJyWC11OFlZNGREWkh0cUlJQm1yN01IT3NOTHU3TlJTMkVtUzNUZjVmSDVvaFlONWdFVXNHN2hfaUc2MDBsRnNpUERLY2J2LWMzYzZ3QmRHRmx4RTU1YkQ4UjhwaUtDYTdoRHF3VnU2VHd1M29SX2JSZVFqNHFrbTBDWDhMNVRSTUQ5Q0UwQmVYbDJNVmZ0WjdQakFGOTEzdHFEcHJaM0l0U0VPQXBVVWtZLWtlZXlDel93UzN5WkZEdEc2ajBrRHFDODFXUUlDckNYWW95YkpTRlRValRUYVd5Uzh0WS0yU2JsUldRUEJuZFlSMGtRQXNiQWFCOGRhVGRVamtuTzFmRXlmUmYwWmhYNmd0d0pHZzZCOGNzT2VocXRMNS1EUnVZQkxfMTFJcmNkdmIwc2ZsVjhqTVk0cEZDem1BVQ?oc=5&hl=en-US&gl=US&ceid=US:en,the stock market is more overvalued than at almost any time in us history  by virtually every measure  marketwatch
Stock Market Today: Nasdaq Jumps As Palantir Tests Entry; Tesla Up Despite This Elon Musk Warning (Live Coverage) - Investor's Business Daily,Stock Market Today: Nasdaq Jumps As Palantir Tests Entry; Tesla Up Despite This Elon Musk Warning (Live Coverage)  Investor's Business Daily,"Mon, 27 Oct 2025 20:58:44 GMT",https://news.google.com/rss/articles/CBMivgFBVV95cUxNSDUyZHQ5LWV6UzlkdmY0QzBDX2NlTDd0QVVRUlQ4WldBX01OT29NT1RWSF9xRlJKSVFhOUFJQnVfWnBvYkFpYUVQbGJmY284M3RFbFJsWmRRNlBHelNRQ1A2bTJPNGJRN25OTlVURks5RnF0bHFZRGNSQVQwZkZNYVFjQ2RRVWQwRWNvbzkzUG1FTzB5dnV3b0VUaWpRTl9WZWJIeGU3N1Q1ZDVlNG4tTW1XT1JBazVrYzEwYkl3?oc=5&hl=en-US&gl=US&ceid=US:en,stock market today nasdaq jumps as palantir tests entry tesla up despite this elon musk warning live coverage  investors business daily
"S&P 500 rallies 1% to notch first close ever above 6,800 on potential China trade truce: Live updates - CNBC","S&P 500 rallies 1% to notch first close ever above 6,800 on potential China trade truce: Live updates  CNBC","Mon, 27 Oct 2025 20:24:00 GMT",https://news.google.com/rss/articles/CBMid0FVX3lxTE1vdm5FRlBsbWNGODZZS2w5ZlFTQ0JqNEdTZDRqblMwM3R4bk8yNjc3ODZaZUJqY2xWd0FMVjRaNGloMnFlY0hHU1FkYVNQSnRwRGE2STlSRTA1U1Vnemh4M1Y3eWFOR2hORTZVZ05pUURrbnpwekIw0gF8QVVfeXFMTXNNckJUZmliUmVkcTkxV19nczBIblh1ekU2UFRCTkU3VVJYa2w0d2pnbHdpZURTMXoySFZwTHVQSFdYaWliZTcyNFhpVUM4dGVtMkMwbVhMWDlRd0VWdkNZd0VfWnFSQ0c0dUE3bHlmMFR5R0ZhbVllUXFXcg?oc=5&hl=en-US&gl=US&ceid=US:en,sp  rallies  to notch first close ever above  on potential china trade truce live updates  cnbc
"Stock market today: Dow, S&P 500, Nasdaq climb as Trump stokes hopes a US-China trade deal is near - Yahoo Finance","Stock market today: Dow, S&P 500, Nasdaq climb as Trump stokes hopes a US-China trade deal is near  Yahoo Finance","Mon, 27 Oct 2025 13:32:47 GMT",https://news.google.com/rss/articles/CBMi6AFBVV95cUxPUWZwdHA1VHlxN1Q5aUFETF9uaHZFMVV4SXFKMWlQR1FkSUZsZjljU3ZtY05ESTA1TWQ0NzZxUHc3aV9YenVJOWhJRURxNVhRUjJMTlhkTDQtNzB1ZzdaY3g2ak9DUlYzTkZxUHduMFBYNVVHRldiQldmR2hqcWljSkxlZV9hcWxjRjZURS1CNVlHNUZTSDZXRjJqUTBKZlN1Y3YxbUhnWTYyRlVoNm1NOHQ4aGJNelA2YnhXQVRiOU9zS3ZhaXhrNHl6bWJESDF3ZG9qQnhfZXdJOFZ5c1lRel9HdVhoQkRD?oc=5&hl=en-US&gl=US&ceid=US:en,stock market today dow sp  nasdaq climb as trump stokes hopes a uschina trade deal is near  yahoo finance
Stock Market Today: Dow Hits New Record on U.S.-China Trade Deal Hopes — Live Updates - The Wall Street Journal,Stock Market Today: Dow Hits New Record on U.S.-China Trade Deal Hopes — Live Updates  The Wall Street Journal,"Mon, 27 Oct 2025 21:41:33 GMT",https://news.google.com/rss/articles/CBMijANBVV95cUxONVA5akRqRmtmYWxhTXpqRXpBeTR6d2N0NHQxLXVRN2pZR3JPYzk3dEUzYW5sUE5Ec2x5V2RyaG9TS01aNV9aQlh4UGxGeWJZcTBKWnh3MkFMb1dSQTI0ZFkxMzB4MXJfeFZWTEk1QThZclQ0NnJ3MS05bWRsMUpyMURrLWN3R2tPRGljeHVKWjRZdkE5N21iVTJ1TzQ5dEdiZ1hGSzFrM241YXktX0lCMUdYV3ItbnRYd1kteG1ZMnF0QVR6X2FzSDlYZTF1ZlY2Z1lFQnRBNk5hZVdHZU1oNFJHeVRnN2wtN0hHMFZ3M0hzMGpibmYyUDJPaF83UVRtVG1mY3Jmc2lxcVlOLTBjV3QxR1VIakx3MV9CUVR4VF8tWF8wNFNuS0N6VE1fYU83Zmx4SDhVMWRPX3JwNzM1aFRXMnAxaVptVlpSbFkxd3hpb045dUVNdTVnb2tTbzQySUJHQ3o4Q2Q2RWE3M2lwNkxnU2R1QndxVmFTTzdTekQtU2s2WXphdDFMS2g?oc=5&hl=en-US&gl=US&ceid=US:en,stock market today dow hits new record on uschina trade deal hopes  live updates  the wall street journal
"Stock Market News for Monday, Oct. 27, 2025: Tech Lifts S&P 500 to Its 35th Record Close of 2025 - Barron's","Stock Market News for Monday, Oct. 27, 2025: Tech Lifts S&P 500 to Its 35th Record Close of 2025  Barron's","Mon, 27 Oct 2025 21:18:00 GMT",https://news.google.com/rss/articles/CBMi-wJBVV95cUxQeVdMTWZjazVDNHNWaUpPU0p2RzBiVzViY1ZnX040amE0cjBld0JrMnBpWndKX1NpZHphS2JkbHMwX0VmYWJBWjdveGliVl9TeDZ3ZnNKVXRkam5NeE1uZUdQbnpIb2JEalgyUWxyRHpuYlNIdXZVSmNrU1lyakhBR1BvUHVUZlZsNnBoNXVpQndMYjc2bHN2WXh4RE5uYzNFM0N0VWhwbEZ2MnozbEJwQzZWdVotUHhuR3k1YWdwZlhfdGlqbnczZUNBT2p1Rkk3clFkaExPNTlWSWZxb0RwWGJPTTlVR1hrdVltSDdHeTdUcHlydk9MdndiTHU4eU9jbk5xZEViWTR6SkpWd25wTEx1TWgxbDJGa3RucV9ZRWswWmtxT3Q5dEVubEY4SGx1TGpNTk1Ra0Jrekxnb3ZFYVZJV2NSSGhUNkhKQmg0TEVsV1B6dHR5QjFSMDFXbGlGdjI3SFZ0cVlqXzhBWWUyTlVtZmFGZGRQQnFr?oc=5&hl=en-US&gl=US&ceid=US:en,stock market news for monday oct   tech lifts sp  to its th record close of   barrons
The stock market may be in an AI bubble. Is it time to hoard cash? - USA Today,The stock market may be in an AI bubble. Is it time to hoard cash?  USA Today,"Mon, 27 Oct 2025 15:03:45 GMT",https://news.google.com/rss/articles/CBMikgFBVV95cUxPVjlIVVB2czZONGhnd0EtdlRyMlJnRjJ3NUJXQWVtZGI0VWxyZGs4VGFiUlA0b3pWUjVOZ0xRdW5iTkEzV05oclUxQ1BKR0ctM1NhMVZGQ3BiTC1pdWZKLTlJNTB1eDZ6UERtQmFZdUhZQURMZGpYWDExWlNyMnlId015SFN1OXJHYWtNdDdiaXY3dw?oc=5&hl=en-US&gl=US&ceid=US:en,the stock market may be in an ai bubble is it time to hoard cash  usa today
5 Things to Know Before the Stock Market Opens - Investopedia,5 Things to Know Before the Stock Market Opens  Investopedia,"Mon, 27 Oct 2025 12:25:33 GMT",https://news.google.com/rss/articles/CBMiogFBVV95cUxNUGM2SUZHbmxfa1lzb2VoMEpaQURWSzh1UDdCNjNWRUJiWWp5LUpNVXdReWMwY2lCVjFRQ3ctbWIzSXhCUWxTOS1ycURJbm1oLUJrd04xMlo0X2dFZDVDa0owTWJxczF5TjVNSGJiX1VWWEdpNGJBU0doT0pyd2VMb1FPUG9UalZYYnRmTDllS1hhYzRQeGprT291Qi1pempTMVE?oc=5&hl=en-US&gl=US&ceid=US:en,things to know before the stock market opens  investopedia
"Stocks Climb as Trade Hopes Dim Bond, Gold Appeal: Markets Wrap - Bloomberg.com","Stocks Climb as Trade Hopes Dim Bond, Gold Appeal: Markets Wrap  Bloomberg.com","Mon, 27 Oct 2025 19:01:39 GMT",https://news.google.com/rss/articles/CBMitAFBVV95cUxPN1hLaDdxbzNDNmRITDBPcEZKMVRVODBDZGd6X1pHZ0duZXlleWZ3UDFKMjNlYnI0eWdEY2MtT0NFTEdDTlM5MGRZMHlwR3lXZXdvejZRajFEMWw1dGY5cDhQV3VCa1dfT3BFNHRNSXdLcmdFQ2U3S21NaUlFUERlMWswdFE5cWhGMUdnZ19Rb0E4Q3JocERHOURpekFsTkRmWS1qVmJjbTZrb2VxZ0NsZ3lDUTY?oc=5&hl=en-US&gl=US&ceid=US:en,stocks climb as trade hopes dim bond gold appeal markets wrap  bloombergcom
US-China Trade Hopes Send Stocks to New Highs: Stock Market Today - Kiplinger,US-China Trade Hopes Send Stocks to New Highs: Stock Market Today  Kiplinger,"Mon, 27 Oct 2025 20:07:54 GMT",https://news.google.com/rss/articles/CBMiqwFBVV95cUxNNndCa2NEV2Y4MVFWVnowSHhlNk8ySDhScmxPeTlNeFRWdGVycm4wRG5pT1JyYzQ0dkc4WHN5Wl9TQm9yT2VSTm1PSDlsUXdEVkdSMlptTDRvdjR3UlZSdUlXNnNaRjhfbHczOTZKTERKRlpwM3BpNVFMNHhMb1lwQS1sVFFKX1dxVGNoWjA5clBlU1dpOFQ3WjJyUmxUdTgyMjhTSTBQRWRscTA?oc=5&hl=en-US&gl=US&ceid=US:en,uschina trade hopes send stocks to new highs stock market today  kiplinger
Think the stock rally is over? It may just be beginning - CNN,Think the stock rally is over? It may just be beginning  CNN,"Mon, 27 Oct 2025 10:30:01 GMT",https://news.google.com/rss/articles/CBMib0FVX3lxTE1fbXFLR1dib21BU09UbnNfeHNtaFo2ZjRpbmtIRC1LN3dUWHdpeFJlMXluNkhLOVZxYzh6d2p2aEp2V1hjSFd0Ym80LXYxZ0FqWWRTS09zLUFYczdqQloxeGNDUzBNZWduTHlFel9Odw?oc=5&hl=en-US&gl=US&ceid=US:en,think the stock rally is over it may just be beginning  cnn
"Stocks hit record, dollar slips on US-China trade optimism - Reuters","Stocks hit record, dollar slips on US-China trade optimism  Reuters","Mon, 27 Oct 2025 18:48:23 GMT",https://news.google.com/rss/articles/CBMie0FVX3lxTE9MZVFuNVV3WFp4dmlyNmtodzQ2YlhvQXZOUDFYd1dyMW5zTVNENVZzM0hXNlY0dXd1THBPaTFMZUJ1Y0ZteW95ak1vdUFuRjV6c1lQYm1jNHVZMHpHaVdLT1NkaWNINHdDNGlRUEJ2aEVfLWlNQjhoWFg3Zw?oc=5&hl=en-US&gl=US&ceid=US:en,stocks hit record dollar slips on uschina trade optimism  reuters
Will the Stock Market Rally Continue? - Morgan Stanley,Will the Stock Market Rally Continue?  Morgan Stanley,"Mon, 27 Oct 2025 20:58:53 GMT",https://news.google.com/rss/articles/CBMitwFBVV95cUxPeXJkUDhXZ3dIbExndUN6UXNVbnFFNDlud21aU2JrMF8xa2JKWFYtSElBUmozZWlTMlJERHV6NHc0LUxCaEdOZ3ZiN2R2MkttaERZZDRCRzVEbUhxRGhRX1IwQUNFQkJ1RUxTcGJuNTExNV9EeEI1eUxod05aMV96TU1iNWNCS3BraURhNGU0NWE5QnFNczdHblM5dVdRdnE5OVpLaWZzenk1ZHNacTYwanJxeTc0cHM?oc=5&hl=en-US&gl=US&ceid=US:en,will the stock market rally continue  morgan stanley
UK to stop disclosing identity of stock market short sellers - Financial Times,UK to stop disclosing identity of stock market short sellers  Financial Times,"Mon, 27 Oct 2025 19:00:08 GMT",https://news.google.com/rss/articles/CBMicEFVX3lxTE5iNkkyOFQ5NkFOa3pINUlWWFFpS1BZOFJGaXZfbHdEWGxWbzVjcXd2SS03cUU2TjNPY0tDQXdKWTJBUW9pS1ctVWVsS3RBWXdXTzJicURxUG1GaFk3SWxET054SFpLT1RNX1pfMkRySWk?oc=5&hl=en-US&gl=US&ceid=US:en,uk to stop disclosing identity of stock market short sellers  financial times
The Stock Market Is Doing Something Observed Just 3 Times Since 1871 -- and History Is Crystal Clear What Happens Next - The Motley Fool,The Stock Market Is Doing Something Observed Just 3 Times Since 1871 -- and History Is Crystal Clear What Happens Next  The Motley Fool,"Mon, 27 Oct 2025 10:00:00 GMT",https://news.google.com/rss/articles/CBMilwFBVV95cUxQX3NrcVdnb2ZqNlRWVUI5SnhEVnNuWUZvNzRhT2ZBNUlHWmZLM1Y0bkg0MmxOSGFNSm0tNnh4MlV0dGQ0c0lOeXZOek0zY1Iwb0prTjdlNlkzX1RKZnZiVnhuTzFtbkxsQ1pjQ3d2c3g3bEEwYjRPNVEzYllEZ0VUUXJQS0hva1htVzlLLTg5TS02LVF6TFZZ?oc=5&hl=en-US&gl=US&ceid=US:en,the stock market is doing something observed just  times since   and history is crystal clear what happens next  the motley fool
"Stock Market News Oct. 27, 2025: Dow, S&P 500, Nasdaq notch record highs, log third straight daily gains after U.S. and China reach trade deal ‘framework’ - MarketWatch","Stock Market News Oct. 27, 2025: Dow, S&P 500, Nasdaq notch record highs, log third straight daily gains after U.S. and China reach trade deal ‘framework’  MarketWatch","Mon, 27 Oct 2025 20:23:00 GMT",https://news.google.com/rss/articles/CBMiywNBVV95cUxOclB1SjJEb040cUl2ZEhIUHM3RWRqSnJqTVlpN200Y19WSnJSZ0ZsamQtbHN4SnZ2d0psUzhiZF9QUnBEbm1iVXlVamQ1LUZCcjBndXo3d3ZLUC1LblY1U3p0bnR4ZmZJUnBaLTRjTkJOaHlYN2xZZ29xY2ZsbEZ3cXdHeWZXRGl4UnlKTmpiYkgyYlJOLUk2MGItekdfckpQSnNNMDZJeFhLaFFLdXpwT1hpSWpZS1FIT2lzMTNOc2JhbElIYUF0WnI3ZVl4ME1lTGhnLXlIc1plWFhXLTdiajlnZDJBeEZFZi1YdmRhZm1hcDRPRXAzSEQtcGNqc2lnMERlUGhKaGFMdnc4ckQ0MDhkQm53ME5mUUNQNG0ya0ZHdlUwZmRUSHFKa3ptakZ2UnRhZ3VlbFNKWjRkU2t1ZWhqRHVxYnZpYjI1SG5Fb0NubXdKVEp1ZXh1ZFZqbzlxYThJNzQ1R1ZWaEpzNG1haExNTnBMMEN0WENER0VkcUl2eUd0andwaU92TjR1eTFiTjBTYjh6X1FxUXhaLTV3Z21LQW5haTR6QVJiUHJQNXg0dXdrMEphenc5RkJidnNPRWZEYklrTlI5VEk?oc=5&hl=en-US&gl=US&ceid=US:en,stock market news oct   dow sp  nasdaq notch record highs log third straight daily gains after us and china reach trade deal framework  marketwatch
"Stock market today: Dow, S&P 500, Nasdaq head toward records as Trump stokes hopes US-China trade deal is near - Yahoo Finance","Stock market today: Dow, S&P 500, Nasdaq head toward records as Trump stokes hopes US-China trade deal is near  Yahoo Finance","Mon, 27 Oct 2025 19:30:37 GMT",https://news.google.com/rss/articles/CBMi7gFBVV95cUxQTFBzb2hnb1VfREZXTnBrb1lTQzlnMnJaNVdXc2RoVFVFUWNGUUxNeXdpSXpEVFh2UjRQM05mbThMRDEycnUyTmZIVFQtOTN5dTZBVkJ2MDFiOUxzRWNobEdMMmJuWjNJZ2g2empOVGk2RUhzUG9SdUctSWs5cnl0QUdrQk5QWWxaUldHYjVnc3NxM1dQMTUxdXZPYVZaTGZOYkdfdDJITVIycUxjNGpXN1ZENlhQTklSVWlvMVp3OW5hakJmemhWRm0yTE9pZWdsTk0zZVJsLTQ2Yms3T0dQRXgtTkVMYVFuZVdqRDFn?oc=5&hl=en-US&gl=US&ceid=US:en,stock market today dow sp  nasdaq head toward records as trump stokes hopes uschina trade deal is near  yahoo finance
Jim Cramer's top 10 things to watch in the stock market Monday - CNBC,Jim Cramer's top 10 things to watch in the stock market Monday  CNBC,"Mon, 27 Oct 2025 12:48:32 GMT",https://news.google.com/rss/articles/CBMinwFBVV95cUxORFBISkoyeXhha1cwOGliNVFlTmU5LTRJcHhpdkllYVlJSmR2YTBDZEJ2ckxVblNXMUJDZTZnMEpGWjg5OTJHUEtobnBBNmk4OEV4YnNHeFBYbnVMNEZsWDV3eHZJVTh3MW84Vlo0RHlQRzVLbFVJOU9QOFlXZjVQNlZjc1FkUGFLcFFRZ3hibEtRNjBETXJoRXEzM2s4dGvSAaQBQVVfeXFMT0l4SnhNMHhZZk9xa04tX0k4VVYtSHdPZHQ0NUNqUTUzVVRic1lmWXRFSFk0Z290SVg0SThuSHlDd1VuaTNoZFhSd1dGQ01XWFRIbG56UkR2X2pzVU1rNWMybF9lcHRyNnZ3bE5HVGtESTlaekNjUmxMNEQ3Z1BzTW53R21lTnVvbUNZc2NMWVVMeTB3R0habFZ0T3FWT09MZHBwSkY?oc=5&hl=en-US&gl=US&ceid=US:en,jim cramers top  things to watch in the stock market monday  cnbc
Argentine markets soar after Javier Milei’s party secures midterm win | CNN Business - CNN,Argentine markets soar after Javier Milei’s party secures midterm win | CNN Business  CNN,"Mon, 27 Oct 2025 21:09:47 GMT",https://news.google.com/rss/articles/CBMihAFBVV95cUxPMkFUcGRpX0xQektrZFFVNEU3UjMtaDBSUmtETEF6SFZlOE02Zy0tN1dscXFWS01uTmR5SVRvUHpuSzZrbDdRdkRBVjhuY29ybzFyd21MT1ZPb2hCS0FSMXVpZUtEbHcxVl9fcmU2c0VRN3lIQVhzUHk3RFhlNi16eXJMTEY?oc=5&hl=en-US&gl=US&ceid=US:en,argentine markets soar after javier mileis party secures midterm win  cnn business  cnn
"UK to stop disclosing identity of stock market short sellers, FT reports - Reuters","UK to stop disclosing identity of stock market short sellers, FT reports  Reuters","Mon, 27 Oct 2025 19:16:38 GMT",https://news.google.com/rss/articles/CBMi2AFBVV95cUxPUGFzU3ozWTNJejFaOWRwT2pHbW5vYWtSVnFfNDY2TnJRcUlxN2piR2lyaXhfUHVwRnlYbFE4MHpfaVBTNThRTy1ITVBBbGNNYTlYRG14Zk9yejExeTRrTjJQU1hzbVlXSmZVSDVJajFvQmhQd0g5eFRTMGs2cWpBVXZKQjlyRGJhRzNzdmhpRFJGcFFkaDBnVTYxYTMyeHRtZGh6a0l2UGVPMzM3NU1wQ1VURG1KNlVTXzFsMlFCSFR5MElyWnVaUnoyYTRwQW9ESVEtMENLY24?oc=5&hl=en-US&gl=US&ceid=US:en,uk to stop disclosing identity of stock market short sellers ft reports  reuters
"Trump's trade deals, Novartis acquires Avidity, Taco Bell's beverage push and more in Morning Squawk - CNBC","Trump's trade deals, Novartis acquires Avidity, Taco Bell's beverage push and more in Morning Squawk  CNBC","Mon, 27 Oct 2025 12:16:10 GMT",https://news.google.com/rss/articles/CBMiiwFBVV95cUxNS1dMUkV0b2F5M0NjMHVLLXFnV19sVGF3ejNNWGtHbC04azg2bVU5bUptQ1BISDVqSkRnZ09ycUw1U2d0RDZsOVpCcVdES2dtWGRUSExYTWhWXzZISExwWlo2RElVelB2UVlDeVg4Q3lzaTM3RjRxcVpoemdzMlJYYTZ5NWZQb2JVQ3Zj0gGQAUFVX3lxTE1hdjJFMDgxa3B3a0p3MEJlejF5RzhMR1MwMThLRURWQkQ2WVlzUDNLbnpJMUpyNWIzcTNGTEtWX244LVdYQk5PYk5hX0piOUQ5a1EwcmlnY0FKcmJBS3p4MmhUSmh1ZzF0WGItRzVxR2JoZ3I3LXFMWTBWRWVVVGRXOFVZZ3h3bzV3c2VfWWp4OA?oc=5&hl=en-US&gl=US&ceid=US:en,trumps trade deals novartis acquires avidity taco bells beverage push and more in morning squawk  cnbc
"Reluctant bulls are setting up markets for a big move — in either direction, says Citi - MarketWatch","Reluctant bulls are setting up markets for a big move — in either direction, says Citi  MarketWatch","Mon, 27 Oct 2025 16:55:00 GMT",https://news.google.com/rss/articles/CBMizgNBVV95cUxPQjhwcndGR29aUUEzM1h6RkNqYm5CTDlkSnI4T0RUYUgwQW5IMU9fSXVfMXZDUGhWTmtqQXNzV0huUlpyWW50TTVOQ2hpVE9wa2V3U3BtSlhDRTZJT1Z6VGhfY0FJRXV5V2xldWxFblZjckF6NTlIUl9XdzVCNDJDd2FTSHd3N19XS0g0ckMyODcwSnNiM2xkaWJTb3o3RmhuMmw5SDRUeGpGVkJFX05LUlhIMEhjRGY3Q1hacUtUTlhURzdrb1kxQ2RrTzJMeUl0OV9HOTU0a05kd0RXdnNxdnJnbVcyZ1VPN2N1a2d1dW9YS01TalZiM2pJQS1aNXNlVU5IRXAxQ2hxc0VpVXFNU0V5ZElVemc5Tm5LSGZuZUVNcWJZRnM5VlJuQzVoVjZXd3ByTzZ5UGZZSVlBUjB2Z0U3MGlWaXNfcGJvVEdaZERhQ0I0MU1LZ2RhSDJra1lCUTY1SC05amJfaC1LVTlwQU45QW45RGZQVkxkOC1lNVFMOEtYTk1LTjE1UVNmTTRaQ1gtb3poREU2XzN3Ql9KRURJN0R3QVhNZGdXekFKSVZxQnktTWJpRS1CTWFmdE04X0RaeFlDUWtGb0RfRkE?oc=5&hl=en-US&gl=US&ceid=US:en,reluctant bulls are setting up markets for a big move  in either direction says citi  marketwatch
Meta Stock On Winning Streak With Earnings Due. This Number Takes 'Center Stage.' - Investor's Business Daily,Meta Stock On Winning Streak With Earnings Due. This Number Takes 'Center Stage.'  Investor's Business Daily,"Mon, 27 Oct 2025 16:58:00 GMT",https://news.google.com/rss/articles/CBMiowFBVV95cUxPMi1kNk5MRUprOTQzY3RjLVZ6cU1CNUlaUUlCazlzRmtJWXpxVmdXVllvSGxFanNfeFMwY1hidlMtdjZ6RUZFbThTc0pqY2IxTTdYWFZqYUthLVh0aUR2Z1dHT2tvdFZ4UWdpbFBDdHlOVjdyc3FOTjZYOVlRWnN5clBFRkY3Q1hVcXlCTGFEaXRJcGdSaUJBVHNYaW10REd3bDFV?oc=5&hl=en-US&gl=US&ceid=US:en,meta stock on winning streak with earnings due this number takes center stage  investors business daily
SoFi Technologies Stock Before Q3 Earnings: To Buy or Not to Buy? - Yahoo Finance,SoFi Technologies Stock Before Q3 Earnings: To Buy or Not to Buy?  Yahoo Finance,"Mon, 27 Oct 2025 17:33:00 GMT",https://news.google.com/rss/articles/CBMiiAFBVV95cUxPNFVzUTR6cklMRk5JQUpOdFR6MlRIekFCQTB5WllWb0R6NkM5dmM4SERpeGpaUi1TT0JFUFdtNGlmRnluM1p4WEc1ZnNaSk16b1pXUW1NRTF1ZFFMS3kxWEp4ZEpERWR2c0NoVWVJdHVxb3hYVzNVSkpqaWcxcE0tTDhPSmJOdF9s?oc=5&hl=en-US&gl=US&ceid=US:en,sofi technologies stock before q earnings to buy or not to buy  yahoo finance
Stock market rally may hinge on what Powell says after Fed rate decision Wednesday - CNBC,Stock market rally may hinge on what Powell says after Fed rate decision Wednesday  CNBC,"Mon, 27 Oct 2025 15:35:49 GMT",https://news.google.com/rss/articles/CBMiuwFBVV95cUxPTURsek03RENtTTVkdzZraGpTUmI0YS1XNGVIYmJXUWJla1ZSZmcyeHRNZmtjVENUOVdWNmhhOTVFOS1ReEg0cUtINHRWcXdpbExCb1BrSTVMM3N6blhVT3AxbU9yLVlYNUEtYUJMY09mRWpZU3ItTm9Ra3liWHJUbFBlM3RGeWpnSXMtVjR6SGlLUGgyMzAxSEgxTDNweHRJbmZueVFjbS1LbkVJZDVlQ1p3Wlh4MlZsdFBv?oc=5&hl=en-US&gl=US&ceid=US:en,stock market rally may hinge on what powell says after fed rate decision wednesday  cnbc
The Stock Market: Three New Historic Highs - Seeking Alpha,The Stock Market: Three New Historic Highs  Seeking Alpha,"Mon, 27 Oct 2025 15:17:52 GMT",https://news.google.com/rss/articles/CBMiigFBVV95cUxPNmYyREtWTkxhRGJwRU9sb2Q5TWZXTkFsbmg3VmlZQWpOd2RPY0k2M3FLWHdzUS1IclNpWklXWDh5ZXZHUk5KQnhKSHNVMXVic2ZhUG11c3pOVkotOEs0Z1QwVEpxdlBKNm95bW5mcE9uMXhnTUZkSFo1N0VVSFg5Y2I1M0wxWGRsQ3c?oc=5&hl=en-US&gl=US&ceid=US:en,the stock market three new historic highs  seeking alpha
Is Credit Acceptance Corporation stock a safe buy before earnings - 2025 Trading Volume Trends & Community Consensus Trade Alerts - Fundação Cultural do Pará,Is Credit Acceptance Corporation stock a safe buy before earnings - 2025 Trading Volume Trends & Community Consensus Trade Alerts  Fundação Cultural do Pará,"Mon, 27 Oct 2025 16:38:02 GMT",https://news.google.com/rss/articles/CBMingFBVV95cUxQT0tzSGtaYVI5U2Z2aEc1dGlKcXUteUpGcE9DWnNhYkhFTjFUa1JaUHExX2JCSG9EVGZQNXc4SE1FQXNJWUx2Z0NTUmpWRHVLNjZGSXRqOUdLU1Y1SjNhUE8xWEpRRHZPb3ZiN3U2ZlEtM1Nmd0t2XzhTTGUwZnVhMnV4OHBxM2hDSEJHeEREeDN0Y29BaWVpUElBd2dKUQ?oc=5&hl=en-US&gl=US&ceid=US:en,is credit acceptance corporation stock a safe buy before earnings   trading volume trends  community consensus trade alerts  fundao cultural do par
"A brewing trifecta drives the stock market to record highs — plus, the treasure hunt at TJX - CNBC","A brewing trifecta drives the stock market to record highs — plus, the treasure hunt at TJX  CNBC","Mon, 27 Oct 2025 18:46:48 GMT",https://news.google.com/rss/articles/CBMirAFBVV95cUxOdXZHVzFUYjJuTkNpWDhyTVpCM2VzdWRhOUQzZ1NaSnRzT0V5clJhazUxaVdnV1ZyN0xGUmQ5Ty1HMGV1OF9FeTRqb1ppVGwxZU1ScUhpT1M1SGo2X0NZbTV1ZkRiODVVLUVlTU5xejNqSF9vMG5UOGdwYWo0OFpkMENJZEx0d2ZVMlhlcjhrckdGY21WenU3Y3FXNnRyM29PTTNnSThmdU5CbFFx?oc=5&hl=en-US&gl=US&ceid=US:en,a brewing trifecta drives the stock market to record highs  plus the treasure hunt at tjx  cnbc
3 Stocks to Buy Before October Ends - Morningstar,3 Stocks to Buy Before October Ends  Morningstar,"Mon, 27 Oct 2025 16:00:20 GMT",https://news.google.com/rss/articles/CBMieEFVX3lxTFBNZXI4cG54QTNuX0czeHZNNXdyNmlsQzVheElhMU9uWE1tSkE0RkZwWXVJNWw5VFdsczg1VzUwemh3d1M4YWx3V24tNWd2RmlTaGFIS2dSdzdTbmZtcWtubGlwNDFmWGRNek9jRENCVFJiTWcyN0swbQ?oc=5&hl=en-US&gl=US&ceid=US:en,stocks to buy before october ends  morningstar
Momentum has been the 'number one' factor over last 20 years in the stock market: Fundstrat Global Advisors managing director - Fox Business,Momentum has been the 'number one' factor over last 20 years in the stock market: Fundstrat Global Advisors managing director  Fox Business,"Mon, 27 Oct 2025 19:40:53 GMT",https://news.google.com/rss/articles/CBMiW0FVX3lxTFBKa19KU1c4TzJJS0p0X0ZHajh1U283TWhuY0NPN0FzYkFoV1dRTEoxYmxXSlBwNFBRdklDc0NpOWZZQlF6UGs3WllYb1ZfSTMxVnliTHppME1Ybnc?oc=5&hl=en-US&gl=US&ceid=US:en,momentum has been the number one factor over last  years in the stock market fundstrat global advisors managing director  fox business
Here are the 3 big things we're watching in the stock market this week - CNBC,Here are the 3 big things we're watching in the stock market this week  CNBC,"Sun, 26 Oct 2025 14:47:09 GMT",https://news.google.com/rss/articles/CBMiqgFBVV95cUxQajNXTF9UVHZsNC1XZTNnTE9CUDJwcm45MmNXNkhGWHRhbElqUHljY3NsSEdRUGJFOXUzclRzMm1CdTZVQlRJS3VPdm9XTS1QX3BXTWFJenJfWEhfMllMa1ZreEJQMVowak1meG8tZlZLYmE3SHFqNFg3dThtazdBOG55Z0JGQnF5TTdlUHR0a1l2RWpVZGd2bzdfcllBRHlwRHlpdWdTZEh3UQ?oc=5&hl=en-US&gl=US&ceid=US:en,here are the  big things were watching in the stock market this week  cnbc
"Dow Jones Futures: Nvidia, Microsoft, Palantir, Tesla In Buy Zones After Stock Market Rally - Investor's Business Daily","Dow Jones Futures: Nvidia, Microsoft, Palantir, Tesla In Buy Zones After Stock Market Rally  Investor's Business Daily","Mon, 27 Oct 2025 21:21:08 GMT",https://news.google.com/rss/articles/CBMisAFBVV95cUxPeS1sVmdXQ3lGcjNhYm90aUg3akhEcDdaTU5fWmtSM3lJR3RKVWFvdVlKTG5QMjJjM0E1UTlXMkc2SHowYUk0Mm5lSTlYMTA5S1Vkb2FYdW5RcGlUbGd5NlNZZV9aUDZtVkZfdGxJTDZ4eGEycGtGcHZ6UnRyaGF3SXE2bV9sSkhPbGJIc1ktb0txMjhGODJaNjlrV1ZzeGxzQzdpd3lvQ3RBcmhWUEpMVg?oc=5&hl=en-US&gl=US&ceid=US:en,dow jones futures nvidia microsoft palantir tesla in buy zones after stock market rally  investors business daily
Dow futures jump 300 points as U.S.-China trade war heads for ceasefire while Wall Street eyes another Fed rate cut and earnings from AI giants - Fortune,Dow futures jump 300 points as U.S.-China trade war heads for ceasefire while Wall Street eyes another Fed rate cut and earnings from AI giants  Fortune,"Sun, 26 Oct 2025 22:52:00 GMT",https://news.google.com/rss/articles/CBMipwFBVV95cUxPOXJZNWtyUDBQUHU5ZEpDMEQ4dkJWbW9NeTFVZ0F6V0l2WXE0S0lQR2VvdWFtd1RDdEwtdHJzdXRNQVFMa0x2WUVIQUROUDVoSE5aZmRWYWZBNGxIeUNNT3J4MzNVTkY3TDhLeEVUcGlyamVJSC1SWElRVEJVNDZQamVLNnA4cXE5bWNvQmdibEFSZVNTTFlLZWpiS1NCcXZhdjlHTFVodw?oc=5&hl=en-US&gl=US&ceid=US:en,dow futures jump  points as uschina trade war heads for ceasefire while wall street eyes another fed rate cut and earnings from ai giants  fortune
Quarterly Recap: How NBGX stock responds to bond market - Rate Hike & Target Return Focused Stock Picks - Fundação Cultural do Pará,Quarterly Recap: How NBGX stock responds to bond market - Rate Hike & Target Return Focused Stock Picks  Fundação Cultural do Pará,"Mon, 27 Oct 2025 17:56:15 GMT",https://news.google.com/rss/articles/CBMigAFBVV95cUxOQndRdG4zNHhUeXNJSGR6NldJRjlEVjVaZ3cwLUJWd1ZLbHJZWXo4bmN6dGpYcTk0YndzWWNWWVRTM2dlNEZHNU5fZXF0S2RSRl9CUURVNWgyWGdHTTFQNHgycDJjaF9FV2J1OHJKREpHOURSRWpxdGpMbk9vQ3JWOQ?oc=5&hl=en-US&gl=US&ceid=US:en,quarterly recap how nbgx stock responds to bond market  rate hike  target return focused stock picks  fundao cultural do par
How To Go Bearish On Netflix Without Unlimited Risk Of Shorting - Investor's Business Daily,How To Go Bearish On Netflix Without Unlimited Risk Of Shorting  Investor's Business Daily,"Mon, 27 Oct 2025 18:49:00 GMT",https://news.google.com/rss/articles/CBMikAFBVV95cUxORWhrTzhwdWNlUFBvamdjTTJWdTFzMXF2dWZtQUxwZkM3c3BGZkpGTDE3bFhqQkJETUtGNFA4R2VwRUR4MVppS0UxVWEwdnFidTVuT2F6SE9RZFVrbmdTS0dZRzhvRTRpU2JkMS1vRnFYZ1E4VFlJQTE4QVlRaTg0eDlyaWd0R0pmSzU0YzhUc0I?oc=5&hl=en-US&gl=US&ceid=US:en,how to go bearish on netflix without unlimited risk of shorting  investors business daily
"Stock Market News for Oct 27, 2025 - Yahoo Finance","Stock Market News for Oct 27, 2025  Yahoo Finance","Mon, 27 Oct 2025 09:26:00 GMT",https://news.google.com/rss/articles/CBMiekFVX3lxTE84RFFPUERFSzc5QVF6OHFKMWs0TGJVa3JJVzBhdEZlal9fblJXVjl3anlsWEdlRHFoZkJkNTUtb3BGMFVLemc5ODNnMjNmYWJ3cmNzOGJZYko0aGRDaWpjVXJCSk9wXzVrUlc0akRZOTZBaFphTy1ubnZB?oc=5&hl=en-US&gl=US&ceid=US:en,stock market news for oct    yahoo finance
Stock market faces big moment as Fed decision collides with megacap tech earnings - MarketWatch,Stock market faces big moment as Fed decision collides with megacap tech earnings  MarketWatch,"Sun, 26 Oct 2025 16:00:00 GMT",https://news.google.com/rss/articles/CBMi8ANBVV95cUxQYXBBZVJlSzVGbVEzOVVfa0t0TWFZUTJtbEJVb0xaaGliYzA2OXRSWThyWk1SUjNqYktFMzJDTUJaTlpSLXR3bW5SUVBnNThheU9GaFlwbjFiZ2V0RVpucGVUdWRqaXcyZXY0Q0lrWVd2SHVpTG5Talk0QTNPM1dLMXVWZEFjLW40LVNLV0ExRlVfbmxMQkpFVFpkSDRZQ1M1TXlWUEQxSnJaaWFHajdEU3NEWU51TmVhNF9tU01qRjJwU1lGWGhFdGR2aXllbzkwSHN4bWtvYkkyd2V6R0RKTDc4LWMzVHJDV21HaVJyRGdUcUtqekZhWjBpZExUTFNNaHNlV3ZCS1JBX0RnZW1fODIyS01zdlI5bEZSVkJxVkJfOXdnTWVrRlV1b1BETzBNZmt4Q01DZ1plX3ZzQlduS3RvZ3UwYlFNeERaOFQzbjBFVWZUTGdYdlJmVF9JUnpFejd5bURkSW5DWFo2ZkNfSWVXY3FCVDh0ZnZFMmlYUkIyZXE0QkZSenZJTTQ2bmF4a3o5UXpSQTktcnU4eDgxZng3VEtvR0xuS1RWREF4dVZwczFLVzJkX3M4aHpJdnBPQXFELXA0eTAySjlKQ2RqTmJxTHdwYTZJZE5ub3Y5bEJNbXE3TnVic0dCMVhLYnBN?oc=5&hl=en-US&gl=US&ceid=US:en,stock market faces big moment as fed decision collides with megacap tech earnings  marketwatch
Here's How Much Traders Expect Microsoft Stock To Move After Earnings This Week - Investopedia,Here's How Much Traders Expect Microsoft Stock To Move After Earnings This Week  Investopedia,"Mon, 27 Oct 2025 19:44:16 GMT",https://news.google.com/rss/articles/CBMirwFBVV95cUxPRzh0TUxYNVVPUkZGWHRGVTlWaFFXeUpYRzJLSTl6alJMQmpSZkJvOURaSnRGZlYzWjJhdWQtNnRrenAxaGoza05TbWxrbXZra2E2ZmowNXc3aV81bUtNenQ5UHgxelB6SmNmd1NQQVQ1QkRaakp4M01yelB1SUpGNWRIUjVQN1hISmx6SFBMc2tJUlFhdU80YURPMXU1ZEMwalhVRUVSSEFlVlE5Z0xN?oc=5&hl=en-US&gl=US&ceid=US:en,heres how much traders expect microsoft stock to move after earnings this week  investopedia
Is AFGE stock a safe buy pre earnings - CEO Change & Weekly Top Gainers Alerts - Fundação Cultural do Pará,Is AFGE stock a safe buy pre earnings - CEO Change & Weekly Top Gainers Alerts  Fundação Cultural do Pará,"Mon, 27 Oct 2025 18:10:33 GMT",https://news.google.com/rss/articles/CBMid0FVX3lxTFBvX3RIcTBpUU5jekVzLVMxU2FYekZfQnpDZ3plUmw1SUM5ZDZ5VzV2QjV0cjJwb0wwNmtsdGR2TzN2cEpzc2dxZDlKQ21lcFctRUJINlp5VTRka2JfSTZocGRjek9Td2U5NW1CWmJneEFlNVpWQVlR?oc=5&hl=en-US&gl=US&ceid=US:en,is afge stock a safe buy pre earnings  ceo change  weekly top gainers alerts  fundao cultural do par
Alphabet Momentum Builds Ahead Of Q3 Earnings. Is Google Stock A Buy? - Investor's Business Daily,Alphabet Momentum Builds Ahead Of Q3 Earnings. Is Google Stock A Buy?  Investor's Business Daily,"Mon, 27 Oct 2025 12:49:00 GMT",https://news.google.com/rss/articles/CBMilwFBVV95cUxQcmJzM2twY0JiVFU0MV9FZXkyeGl1RXBEUVh2MGNDZ2labE5vUnc0VGZzZEQ2ZkszRXZhQVdvamFHYnQ2N0FoNXpqam82SlFqNWlQSmVGQ3FYWTV4YldtS2l2M3dlZno3Q20tUldDREFlSTdMY2kzNHdyTXUyMXcta1RQdzFyeG9HaUt2ZGFISmZqNFQ4T18w?oc=5&hl=en-US&gl=US&ceid=US:en,alphabet momentum builds ahead of q earnings is google stock a buy  investors business daily
"Dow Jones Futures Rise On China Trade Deal Hopes; Huge Earnings, Fed Rate Cut Ahead - Investor's Business Daily","Dow Jones Futures Rise On China Trade Deal Hopes; Huge Earnings, Fed Rate Cut Ahead  Investor's Business Daily","Mon, 27 Oct 2025 13:07:00 GMT",https://news.google.com/rss/articles/CBMiwwFBVV95cUxOWU54QWpKYTZ6TGtWN3laV1gtLURpTkVmVTdvQy13MjdGN2N4dmJVMnRpcFFsRFh1NF95VTBaT2kwdVFqd2NrNEN5WlB5d1NMYk1TcVBZOVU0bHR1T2pScHB2VU5lTWpLMlFfT29VSkZkOHFNbmJfRmxhcE9Pek0wMHc5MUFxOU15Nk9xSnpxWlJ5aXpZb3FDUUtydUJ0V21lckh6WF9Da1I2R3BhSlI2ZDFVenRRR3M5Q1JVRlBWN2xkdW8?oc=5&hl=en-US&gl=US&ceid=US:en,dow jones futures rise on china trade deal hopes huge earnings fed rate cut ahead  investors business daily
Tesla Stock: Morgan Stanley 'Callin' It' On Tesla's Big Gamble Post-Earnings - Investor's Business Daily,Tesla Stock: Morgan Stanley 'Callin' It' On Tesla's Big Gamble Post-Earnings  Investor's Business Daily,"Mon, 27 Oct 2025 21:04:00 GMT",https://news.google.com/rss/articles/CBMinAFBVV95cUxPVnltbEcyU2VPY1AwdjZyWTBzMGV1UUFBUk5CT2lMR1UycHYwZzZndTcxeU1jOUo5M052Mnh1WU5nYm5HbkxRcGtlaFhGYzVfVjJzRTh1VVRfOGRuZkRtNHZlVElnN29iM0VaRU1NQlNXX2xWQ1B3dUFha1dBNk4yYld4WXdxaWhITEhkQjNnYnBBMnhiV0hFcVV3OW8?oc=5&hl=en-US&gl=US&ceid=US:en,tesla stock morgan stanley callin it on teslas big gamble postearnings  investors business daily
"S&P 500 closes higher, recouping Wednesday’s loss and then some - CNBC","S&P 500 closes higher, recouping Wednesday’s loss and then some  CNBC","Wed, 22 Oct 2025 22:06:38 GMT",https://news.google.com/rss/articles/CBMid0FVX3lxTE0yeGh4WjMxdHgxTU05blhlSUxDdFZHMzZud3BWZVpORFpkNjdZXzI1aTh0UHBJZUdCcHFsS29LS25oaUxtOGJwX1E4WEZfYmtEZ3RTTWJwcUJDQlpFcEdsMUZiN0NKcUxZbGpoQXJNSUlOd2R1bWJZ0gF8QVVfeXFMTzJ5MWRvSzRpNG9mbjBtQzBuTFpJSDhiNl9maXg4dk5QSmZoTUlpSWdIY0dPTVFEQmwtdU93WGpGblgwbnRHU3huSjEzcVBUekw2SWRzT0ZRMllKa0RGWElrUXZZLXM3Z2Z3bkY2Yll0amFIUXJwMDVBNWZtTQ?oc=5&hl=en-US&gl=US&ceid=US:en,sp  closes higher recouping wednesdays loss and then some  cnbc
"Robinhood stock pops 5% as analyst raises price target, citing explosive growth in prediction markets - Yahoo Finance","Robinhood stock pops 5% as analyst raises price target, citing explosive growth in prediction markets  Yahoo Finance","Mon, 27 Oct 2025 16:37:28 GMT",https://news.google.com/rss/articles/CBMi3gFBVV95cUxNYVd4LXZxTEFuRklfajZaOFFGUWtjZHNMam1wVk5sWmVtWHo0WWdaeDl5eVotVU1HeWJqd2RfaEZSQjBQSnpSZjYxa0NJRU5Yby1zRVJmU3pHYVFJYU05dE1NcnFDRnRrVnRPSmh3UVIwcE5IYmFDNVNXd19fbmxBNi1IdklHN19WbVRyZGRJNkFpMFQ1RV9Hc1JyREhOc1JHY2ZWbldQUVM3QzFmU0xCZFE0UHZxQUVudmwzZWtOZ3Ftcy1YZ0VHeEIwcGlGMl9fZ1NDMGtSZGN4QjFZaUE?oc=5&hl=en-US&gl=US&ceid=US:en,robinhood stock pops  as analyst raises price target citing explosive growth in prediction markets  yahoo finance
How higher bond yields impact NBSD stock - Earnings Beat & Daily Oversold Stock Bounce Ideas - Fundação Cultural do Pará,How higher bond yields impact NBSD stock - Earnings Beat & Daily Oversold Stock Bounce Ideas  Fundação Cultural do Pará,"Mon, 27 Oct 2025 21:23:56 GMT",https://news.google.com/rss/articles/CBMifEFVX3lxTE5RYXI3T2JBZVo1WFhEdFN1cTJjd0xBMVVMSGtMd1JwNlZyVHlINHNOZkw5Nmt5ajVGa2lTUGJSakEwTmluVFk3QmZDWWN0SGZ0MW9RVnVENHFJVXBYMW1qd3Qzc2wxNW5iRWFUWjNTd2d1MVlnT25mMkdaLVk?oc=5&hl=en-US&gl=US&ceid=US:en,how higher bond yields impact nbsd stock  earnings beat  daily oversold stock bounce ideas  fundao cultural do par
How supply shortages influence Invesco Municipal Income Opportunities Trust stock - 2025 Trading Volume Trends & Community Consensus Trade Alerts - Fundação Cultural do Pará,How supply shortages influence Invesco Municipal Income Opportunities Trust stock - 2025 Trading Volume Trends & Community Consensus Trade Alerts  Fundação Cultural do Pará,"Mon, 27 Oct 2025 21:03:53 GMT",https://news.google.com/rss/articles/CBMiugFBVV95cUxPU0hDMWtDLU1LWDI3LTlXQkZhOVNMdkY2WDdYZDl6d1FDakd1T0ZhemwxdlozcjBBeV9hWWxQNUxmbjI2a0JtYzYwX2Rjd0F1eGZTeUpRdGNpbTRCVUhMMFpKSEdEbGd2VGc4QTJXaDFES2JNdVJ0ZnFZNURtM2RoU1MwQ2l6UGgtTUM0RFNpUkYtQzhEME5QTFlDazdaZHhRM1dGVkpMeFRFWjNPdm9QQThmWWV6S0NLbGc?oc=5&hl=en-US&gl=US&ceid=US:en,how supply shortages influence invesco municipal income opportunities trust stock   trading volume trends  community consensus trade alerts  fundao cultural do par
Morning News Wrap-Up: Monday’s Biggest Stock Market Stories! - TipRanks,Morning News Wrap-Up: Monday’s Biggest Stock Market Stories!  TipRanks,"Mon, 27 Oct 2025 17:06:41 GMT",https://news.google.com/rss/articles/CBMiogFBVV95cUxQVWVnRkVOb3RnQjNKX3FmbjNMbzdVUXpnZUJMMXhMUUVQV19wd1Q2WnlyeW4zZHVSZUZKYVdfTDVHQ2czWkZiM1ZoS0ZvRHRfZ050RWlkSUtpVGhnYUR4ZnVrUkc1VlI5b3RNdFc4Tmd5SEJ4aWZkUDJtU1E1X2FDdzVGY29sWWVXaVZqQ3RBb3FmVzlnM3AtN0tmaDdXemgtdnc?oc=5&hl=en-US&gl=US&ceid=US:en,morning news wrapup mondays biggest stock market stories  tipranks
"Qualcomm stock jumps 11% as company enters AI chip race, taking on Nvidia, AMD - Yahoo Finance","Qualcomm stock jumps 11% as company enters AI chip race, taking on Nvidia, AMD  Yahoo Finance","Mon, 27 Oct 2025 20:07:50 GMT",https://news.google.com/rss/articles/CBMivgFBVV95cUxPcDlnekg0aV9CMjBEdUxjQWJ6UGlxdlNQQ3ZueENWNjNRWGY5SmxnNkxrRjRqUzJGMjJhQTFSRUJOeXNmekFETkFlT3k5b3JLeDZZbHBjOWszTzlpN1h2U2JGbTQxbzdhNWgwd0U2WXJhdHhFUDRsemVSS1pGNFZFM1lHZW9rZ0pPVGZSYnNXYlFKdVNUcGhjQlhqSFdlczE3WVdOZG5CLUs0RFpNSnVQdDBFNlUwcjRlc2lhUFNn?oc=5&hl=en-US&gl=US&ceid=US:en,qualcomm stock jumps  as company enters ai chip race taking on nvidia amd  yahoo finance
Wall Streets rises to all-time high as tech stocks rally ahead of key earnings (DJI:) - Seeking Alpha,Wall Streets rises to all-time high as tech stocks rally ahead of key earnings (DJI:)  Seeking Alpha,"Mon, 27 Oct 2025 20:43:39 GMT",https://news.google.com/rss/articles/CBMikgFBVV95cUxNZFZUOXFWV3BCSmlSTXdlT3RTcklZT1BmQ19xakpZVUl0cHA3SXRHYjEydExXNVZ0bzVpVUNPSUNLWElPX25MUVgybzBtaW1CMGtFaERTTWdzNmxBZ2UtNzcxUm1BZFNrNDEwMDk0NHc1MndFbjRoUUJJV3JVNElXamYwUUk4Umg5MFoyMXU0UWk4Zw?oc=5&hl=en-US&gl=US&ceid=US:en,wall streets rises to alltime high as tech stocks rally ahead of key earnings dji  seeking alpha
"Qualcomm Enters AI Data Center Market, Signs Humain As First Customer - Investor's Business Daily","Qualcomm Enters AI Data Center Market, Signs Humain As First Customer  Investor's Business Daily","Mon, 27 Oct 2025 20:20:11 GMT",https://news.google.com/rss/articles/CBMinAFBVV95cUxNeU5aRVZQLXc1S2J1S1I4RVlZYWE3bUJqOTk4cG83ZHNuZllVR1AtaVZBZ1FPWk1nby1sdHFoTHd5Z0l5b1NZQ3JPQXFtbVlRVllVLUVCbmVsM0Q2alRLUkcxN09XMGVFYlRTclRMVXp3YjRsNkdPWjhoQk5hTGh6WFgxdmYyMVUxMjR4aXNaRm5XRV9fekJHczJTVWs?oc=5&hl=en-US&gl=US&ceid=US:en,qualcomm enters ai data center market signs humain as first customer  investors business daily
"Keurig Dr Pepper Stock: Earnings, Coffee Pricing, Looming Peete’s Buy, Split - Barron's","Keurig Dr Pepper Stock: Earnings, Coffee Pricing, Looming Peete’s Buy, Split  Barron's","Mon, 27 Oct 2025 17:31:00 GMT",https://news.google.com/rss/articles/CBMikANBVV95cUxPeGg2TWtIeEx6dzNXWGdudmxYWWtieWdUMDdua0VGdWpsSDZqSUM2OUNyVVFIY3ZQQkpYVXFmbXhJNHVqOWZES1RkWEZ1R2VuMHhVOUI4dDNxYXBnTV8zdHBCMEdPdWpsY2Iycnh1MmdsSXF0T0pKMkpKWWx5NFBjeWIxRUlLTl9xVnlvR0NNOG9qcEgzc0tfMDVTWk1UV0VkZVBpTW4zc013WU9ZWGhOLS1Pek5CdTBEVWMySmgzeXJzaDVWNkVVUlZnQUdtWUxFMHZMbS1PSmZYbXByM29KWEhmb0lPT3FJYldmaV84bnJyb21rUDN5eW9ZdV9pRXRwZ3NMN05TOTQ0ZmtyaXRWanYxdHFWWVc0elhVQzhaNkVyTmF5RDJUTWJHME1GUE1YakFPeHVaU3c5ZTFCMVpvNWRvRFpHTjljeE1Td1pBUXZ5Mzh6REpVRWI3eldQRkhxa2xlVFhad1hKbEwybHNzbG8xZkRBTzhTWFlPSnpneFZPa0dMQkpZT1Z2U2NlMEVM?oc=5&hl=en-US&gl=US&ceid=US:en,keurig dr pepper stock earnings coffee pricing looming peetes buy split  barrons
Will LIQT stock benefit from green energy trends - Risk Management & Long Hold Capital Preservation Plans - Fundação Cultural do Pará,Will LIQT stock benefit from green energy trends - Risk Management & Long Hold Capital Preservation Plans  Fundação Cultural do Pará,"Mon, 27 Oct 2025 18:23:19 GMT",https://news.google.com/rss/articles/CBMijgFBVV95cUxQc1pUM2FOdVFLTmtqZlNBUUlxeHRBQVlpYnpHQnU3YklOQjFNTnFrMUZ0elZqTDctejNUSjBGT3NXaHI4NmFVdTRNak9GdXZMaU9KN0J0Y0w0dGtia2FFS2RDVm42eFRWZGFEVVQ5ZkFRTnRkY3pTUnA0Smd1Q2Z4WWVtaFNsYXRnempSazF3?oc=5&hl=en-US&gl=US&ceid=US:en,will liqt stock benefit from green energy trends  risk management  long hold capital preservation plans  fundao cultural do par
Stock Market Live October 27: S&P 500 (VOO) Rises on China Trade Deal Hopes - 24/7 Wall St.,Stock Market Live October 27: S&P 500 (VOO) Rises on China Trade Deal Hopes  24/7 Wall St.,"Mon, 27 Oct 2025 15:56:15 GMT",https://news.google.com/rss/articles/CBMitgFBVV95cUxOZ2ZaUEJkcS1xZTRscEhOaUNkTk5qRmVlU2V4Zl85SjBZcFhKa3ludjk1UHhURHBodF9fTWxPNVVlSUtLZ3hQQWYydU9MWG5EeFRLeDZoQnExMXJkRTlpRTc4U2g5VDh6cks5YWJ6SHUyYXFWNThFTUNxOVdDYlZhalR4SHR3aVdHXzdEM0t2UF85WTBPTnBaSDAyYy1NUHFzajNMXzJpbTc2T0YxYldOVEt0c2ZUUQ?oc=5&hl=en-US&gl=US&ceid=US:en,stock market live october  sp  voo rises on china trade deal hopes   wall st
"Stock Market Today: Dow, S&P 500, Nasdaq Close At New Highs On Cool CPI Data - Investor's Business Daily","Stock Market Today: Dow, S&P 500, Nasdaq Close At New Highs On Cool CPI Data  Investor's Business Daily","Fri, 24 Oct 2025 21:05:00 GMT",https://news.google.com/rss/articles/CBMiuAFBVV95cUxQRmQtSV9pOGZ1N1Q0YXdGSWpDazVrT0FqQkxFS05FVWNQT3kyd3B0VWVGbzJtR3FQbFRBZ0oxVGlIdG1XVl9DZnVwU20zb1ptZ2U4ak9sUmdxdXM3Zm1RS3JyZTZHVkhXLTVFTXFDU0I2UzlIb2dTbUpUeVE1RnVObm1OalgweWIzLXBwTWxmYm5LdXY1SnFSNXJyVHM5QTBtckh4NnhXdmNDTThfR2JpaGtpSVN1X2hQ?oc=5&hl=en-US&gl=US&ceid=US:en,stock market today dow sp  nasdaq close at new highs on cool cpi data  investors business daily
"Stock market today: Dow, S&P 500, Nasdaq fall as Netflix sinks, Tesla earnings loom - Yahoo Finance","Stock market today: Dow, S&P 500, Nasdaq fall as Netflix sinks, Tesla earnings loom  Yahoo Finance","Wed, 22 Oct 2025 22:25:05 GMT",https://news.google.com/rss/articles/CBMiyAFBVV95cUxPU3lMd25TV3hJbW45SW1aMFRlaDRVMlVRckYxNExQcGVGZ1NuZmxmaWhKSXNYMHAtcndLUnNjX1JPSFRHdkdTU3kyaWp5MHdmNlJBZGR0SS1MM3NvMXlKZDZoZ3NfdVlWd2dVRFVpdWhmMVB3Mjc0ZHhjV0dJdDJRdEFXTUFRQVFtOThydXY3aV94SkxpSmNqYUlaUzVENG5GTHk5TDVVazlLSkNYbGdsYTJ3QUcxS0ttUGxiNDlNUDdWSHk5a1RWZg?oc=5&hl=en-US&gl=US&ceid=US:en,stock market today dow sp  nasdaq fall as netflix sinks tesla earnings loom  yahoo finance
Stock Market Live October 27: S&P 500 (SPY) Racing Higher on Potential Trade War Truce - 24/7 Wall St.,Stock Market Live October 27: S&P 500 (SPY) Racing Higher on Potential Trade War Truce  24/7 Wall St.,"Mon, 27 Oct 2025 14:11:06 GMT",https://news.google.com/rss/articles/CBMixAFBVV95cUxPN0Q1VDRzTzRmSDJGMEhJQTlzMGtEckZXblBqbUxXTzJJY3JXa0xfOU9oVDR2UGZ0TVZqdXNxLWhNaXlIaU5GN3Jlc3J6Y3d5SktDUDFxZlI3STkzRE5GZXVJeXkzbzRsNlhjZFlHcHl5M1pHcUhjUVpJOU9XbFliVXZWNTVzNVVIenZ1OHJQeWxfT08xeVhfeC1yMjY5eHZ5TnQ3S3ctMVZPRmJRTmpKR2N3LVJ5Si1aU1pCeEphazM4OGgz?oc=5&hl=en-US&gl=US&ceid=US:en,stock market live october  sp  spy racing higher on potential trade war truce   wall st
SOFI Technologies to Report Q3 Earnings: Here's What to Expect - Zacks Investment Research,SOFI Technologies to Report Q3 Earnings: Here's What to Expect  Zacks Investment Research,"Mon, 27 Oct 2025 17:31:20 GMT",https://news.google.com/rss/articles/CBMiowFBVV95cUxNV0J5eG16SkpiemVzam9BX0xhTHFqdlJlNkZJTGRKaGMxelVJV0YzSG1VMWdKeFNPWHVmZDhOUXk1UVlVZGlzWkJOSkVvZHdxck1QN09CN0Rva0dEbHEtZno0cmFwSURCWXZBdm05TXZDdWRLejF4T0JubXpFeXgyczJOSTgtaTdXMGV6Q3FCb0JoMXBMZzFCU2l0a0lZa096MG1V?oc=5&hl=en-US&gl=US&ceid=US:en,sofi technologies to report q earnings heres what to expect  zacks investment research
Stocks from Carvana to Reddit are expected to have the wildest moves on earnings this week - CNBC,Stocks from Carvana to Reddit are expected to have the wildest moves on earnings this week  CNBC,"Mon, 27 Oct 2025 19:44:21 GMT",https://news.google.com/rss/articles/CBMisAFBVV95cUxOcXI3WF9oTHFsUVhKUW9QWDB6Y0NUN0pHWF9GTUtWajJ0M25EVXp5YWVrVGhhV3lOSnNxUDI3UDR2Ry1NZ0VIYVJHQWJ3b1ZudmVuQ0FUWGlDY2RHZHZhVDI2Z0pza0lzcWQtRjh3bjZkcEhBR3dVNEpQZURzcy04S2tNaXpMWmZzVEJqcUtSXzVzUDZjWTh2a1VYMlRMMkJnUnFvS21QelE0Y21vVzkwVQ?oc=5&hl=en-US&gl=US&ceid=US:en,stocks from carvana to reddit are expected to have the wildest moves on earnings this week  cnbc
Stock Market Today: Qualcomm Leaps After Entering AI Chip Wars - TheStreet,Stock Market Today: Qualcomm Leaps After Entering AI Chip Wars  TheStreet,"Mon, 27 Oct 2025 16:40:53 GMT",https://news.google.com/rss/articles/CBMitgFBVV95cUxNT3JNY1c5MGpWaWJXXzZBMFAtOFNSWnRtUEhiWVBVa1F3RG9QQXdoN3JSVVJ0YVdudHFTcEx1aS1YMVVNdjRFbFlXY2oyemlhSUVuSDVEek9icUo3ZnZmdmVqTTBnTDdCblUxZGpDRWI4dVZ3SVBFLVJLMndJbG54anNWY3Q1RmI4SlFZaXI5UHNQR2VFRk9XTnk0LUxIeTNyQmI1Q0hpb2toV2pid3R2OWVwZzhqUQ?oc=5&hl=en-US&gl=US&ceid=US:en,stock market today qualcomm leaps after entering ai chip wars  thestreet
Here's How Much Traders Expect Meta Stock To Move After Earnings This Week - Investopedia,Here's How Much Traders Expect Meta Stock To Move After Earnings This Week  Investopedia,"Mon, 27 Oct 2025 20:46:22 GMT",https://news.google.com/rss/articles/CBMiqAFBVV95cUxNbUNSd2tHQUE4X2xTMGZRSHRjUzdUR0hWeW5OY2dWQV9JWXVuN2VuYTRMZ1RJaTdWaGV6VW4wSkZvRUJ5UDNFNDFDaE5oZ1U4dTNWWkZRN25yeFpaaHg3WDBlcm9DeE1sREZ2SUd4ZGI3VnRxVGJMeVd0T3BLd1k5dzdzWVV0X1VITks0QVpkNWo4a01CRGtWblBXMUR6cjFfQWtvX0w5d1c?oc=5&hl=en-US&gl=US&ceid=US:en,heres how much traders expect meta stock to move after earnings this week  investopedia
We're trimming a frustrating stock that just made a huge post-earnings move - CNBC,We're trimming a frustrating stock that just made a huge post-earnings move  CNBC,"Mon, 27 Oct 2025 15:45:09 GMT",https://news.google.com/rss/articles/CBMioAFBVV95cUxOSWdQZWZOWFNIbXVQTmxfWHc4QzhHZnREdTRteFJXXzRzWldZX01XQUZEY1NBN0dTemp0MXp5RU1zLVpXWHBkTy1zWTVGV2RsNVVSczV3Tkg4OVYtOUMwMzVONUpCbVJFSUdiUEQ5c0hIRzZGVGs1dV8xZVV2a3Y5U05Id3dkNmpKdUMxYTA0WWgzRzJRTlJyaUdmVmRjR0Va?oc=5&hl=en-US&gl=US&ceid=US:en,were trimming a frustrating stock that just made a huge postearnings move  cnbc
"Stocks Jump on Trade Progress to Kick Off Big Fed, Earnings Week - Bloomberg.com","Stocks Jump on Trade Progress to Kick Off Big Fed, Earnings Week  Bloomberg.com","Mon, 27 Oct 2025 20:19:04 GMT",https://news.google.com/rss/articles/CBMitAFBVV95cUxQR2JMLVhpSVpWLUUxb3RFanFyVmFYX2J3a21HM0lvVF9DUU9FY0wzMGJzbi03TlBhNkJlYy1DT0gwNzh0c3VnOWw5WHNSV0tMZXlqTUxuNW5VZmRWVjRqWDdkVU5LaWdNVVNSUzM1S1N4dDVFbVdfZXNDUmNfTEZkY25XZmtlTlpZbjVPa2MwODJTcFU3ZGtlMWFIZ2JvYmlHTjBEMEFDRTBnTE5UNHU4MFhtN20?oc=5&hl=en-US&gl=US&ceid=US:en,stocks jump on trade progress to kick off big fed earnings week  bloombergcom
How Markel Group Inc. Preferred Security stock responds to policy changes - Trade Exit Summary & Verified Momentum Watchlists - Fundação Cultural do Pará,How Markel Group Inc. Preferred Security stock responds to policy changes - Trade Exit Summary & Verified Momentum Watchlists  Fundação Cultural do Pará,"Mon, 27 Oct 2025 19:09:33 GMT",https://news.google.com/rss/articles/CBMirgFBVV95cUxOeE03ME51dFB2aXZ2MndLNU4xNDVwZnp6cG5SdG1SQndkOFhZT0FrSjBGdjhidlFueUUwaGs4dHRnLVVEWXV1amhJcDBUQ0hfTGhmcUNCeWhzZU4yR2hxSXk3VkNWLVAwMmZ4NlQ0X2tmdG5nSkhZem13bWZORnpTeHQtaG1hd0xkV21KcWxoU0pfS0Z2RGdUZ2xndVlBMEJDcWVNUzdaY2NFZXRZTkE?oc=5&hl=en-US&gl=US&ceid=US:en,how markel group inc preferred security stock responds to policy changes  trade exit summary  verified momentum watchlists  fundao cultural do par
"S&P 500's GE Aerospace Is IBD Stock Of The Day, In Buy Zone Following Recent Earnings - Investor's Business Daily","S&P 500's GE Aerospace Is IBD Stock Of The Day, In Buy Zone Following Recent Earnings  Investor's Business Daily","Mon, 27 Oct 2025 16:48:00 GMT",https://news.google.com/rss/articles/CBMiogFBVV95cUxPNWdKR2tZcVJMUVJqb1hESjVmVEZ3THNRcDhRdXNzVzF4UXBTRFNSTmpxVEtxTzJsUkFfbE9DeWcyYUthakRReVkyUVJPSDZtN2YzZHB5Rl9RWElhQ1hBc1RwRHVGZUMwcFZWSWp5U0hLcExpVDVma1ZLRm04a2lQTTVwNUdCcnN0Ny11VFFpMldBdGx3ZEw1MVRKM3ZteFdTSlE?oc=5&hl=en-US&gl=US&ceid=US:en,sp s ge aerospace is ibd stock of the day in buy zone following recent earnings  investors business daily
Why TAYD stock is considered a top pick - July 2025 Update & Entry Point Confirmation Signals - Fundação Cultural do Pará,Why TAYD stock is considered a top pick - July 2025 Update & Entry Point Confirmation Signals  Fundação Cultural do Pará,"Mon, 27 Oct 2025 21:14:56 GMT",https://news.google.com/rss/articles/CBMie0FVX3lxTE1SUVIxeUkxbHFFTE5CUl8yZm0yMllhWkZXcGNYMU1GSVNSbU1RMDdDMzczUm5KSGR6U2RCbXQwLXgxVHd3Z2hoUEJTU2sxcFdYSFluTHlGRDJkVDFnQVdEVGZsTjNaOUQwWW1MNWpVZnhvUkxJajJyT1QwZw?oc=5&hl=en-US&gl=US&ceid=US:en,why tayd stock is considered a top pick  july  update  entry point confirmation signals  fundao cultural do par
How AEON Biopharma Inc. stock trades before earnings - 2025 Short Interest & Accurate Entry and Exit Point Alerts - Fundação Cultural do Pará,How AEON Biopharma Inc. stock trades before earnings - 2025 Short Interest & Accurate Entry and Exit Point Alerts  Fundação Cultural do Pará,"Mon, 27 Oct 2025 14:17:50 GMT",https://news.google.com/rss/articles/CBMilwFBVV95cUxOZlVsR2NyVEVYbXczRkhxNXQ0ZldEOEw3akliOG1icmJHb21KNWM3dXNyUzZGRXZRWlBCYndaZWN6N21TaGh1cjQxV2RtQktILU81Q3lObS1YUDJtc1Q1M0tjYThtSHY2VHptYm9oMUtDSmt4RTNYWGQ1M0JkZ0RycmY1bHkwWlh5ZjhCc1YzRTZ2WDhPd180?oc=5&hl=en-US&gl=US&ceid=US:en,how aeon biopharma inc stock trades before earnings   short interest  accurate entry and exit point alerts  fundao cultural do par
Will REX American Resources Corporation stock outperform value stocks - July 2025 Gainers & Reliable Volume Spike Alerts - Fundação Cultural do Pará,Will REX American Resources Corporation stock outperform value stocks - July 2025 Gainers & Reliable Volume Spike Alerts  Fundação Cultural do Pará,"Mon, 27 Oct 2025 21:33:54 GMT",https://news.google.com/rss/articles/CBMiogFBVV95cUxNdi1HYTFYSFJZRmxTbjlTZzZTT2lYTVRCbnY5WXFGNjRNNWNBNDBaZ19BSTNheDEzUzVkbVh6XzYyOV9idmJlUlp5dXdkbGVyZ0REa1ZsbnFSbmstclF2dm4wX3NBNjduR2hfakcwSTJyRTVEcVBPaFJSVFBPenRLaE1GMGZNbTFqbXdKMzNSdUlXeHhKVmpHbkQ0WUtQRkpZNEE?oc=5&hl=en-US&gl=US&ceid=US:en,will rex american resources corporation stock outperform value stocks  july  gainers  reliable volume spike alerts  fundao cultural do par
Rally Mode: Is Federal Home Loan Mortgage Corporation (FHL) stock a safe buy pre earnings - July 2025 Sector Moves & Expert-Curated Trade Recommendations - Fundação Cultural do Pará,Rally Mode: Is Federal Home Loan Mortgage Corporation (FHL) stock a safe buy pre earnings - July 2025 Sector Moves & Expert-Curated Trade Recommendations  Fundação Cultural do Pará,"Mon, 27 Oct 2025 12:07:59 GMT",https://news.google.com/rss/articles/CBMiuAFBVV95cUxOU0txckpxbnBBN2dBbHBVMTFELXhiWVJrSHZmdWlSWmxSaDFaTklFbWdiRjJNR1JVQ3J4Um9BUG1zWFZpNHZ2Q2VkV3llY2tRNHdSVjB6dWZlYjFlQnVoS0tRUVdUblZxVkItcmtZb25CZnJTOGRWcWhWTnVQa0dBYmxQU0gxLTNVa1A3ZGRpbW9VRGhnMndkZ3BFLXZSNFE2ejZvczhTTlRLcGVMT3hLRUN1LXJvaGVm?oc=5&hl=en-US&gl=US&ceid=US:en,rally mode is federal home loan mortgage corporation fhl stock a safe buy pre earnings  july  sector moves  expertcurated trade recommendations  fundao cultural do par
"S&P 500 Gains and Losses Today: Shares of Qualcomm, Tesla Rise; Newmont Stock Falls - Investopedia","S&P 500 Gains and Losses Today: Shares of Qualcomm, Tesla Rise; Newmont Stock Falls  Investopedia","Mon, 27 Oct 2025 20:35:38 GMT",https://news.google.com/rss/articles/CBMivwFBVV95cUxOZDZibkpHS08tcXBHRDdtVWVodHhsRnBzZkRDUUtRWmpvaWFPeUd1cWVCZHFNXy1MRjdaVU1iT0hjYmdOdzFQTzk0UlotX3N1Qk95TzZSMHVlY0NwUnBQT19lRmtxbThBT0xxQXh2Z3QyWWw0dld2dFFmNnE2eTFOQnl5OHVPbllibjlraE5Sbm53UnMtdlZHd2JWR1doeFdDampoREpwbmpGUjZ2T3BydXBkb053eEF2V2hEZ3VRQQ?oc=5&hl=en-US&gl=US&ceid=US:en,sp  gains and losses today shares of qualcomm tesla rise newmont stock falls  investopedia
What insider trading reveals about Paylocity Holding Corporation stock - Earnings Overview Report & Capital Efficient Trading Techniques - Fundação Cultural do Pará,What insider trading reveals about Paylocity Holding Corporation stock - Earnings Overview Report & Capital Efficient Trading Techniques  Fundação Cultural do Pará,"Mon, 27 Oct 2025 15:13:22 GMT",https://news.google.com/rss/articles/CBMiowFBVV95cUxOZm95UE0yQ01pMzVMM0RETUVhMmtqcnRPS3lhZGo2SXJ6clo3bmJkMW1xTE5OWjBOamlkUjJkNDNuX2ZTSU9vN1RCRWpDaDB1a3Z3eW8zZ25mZjFHenRQT2poUVRkZ0s1eDY2cERSOWM4YTJaa1RrUm1SV0MzM1I2OUtMZHViTDBxcXV4c0dMMk55c3V2Qmx3NEVQTnE2Q0dVUDE0?oc=5&hl=en-US&gl=US&ceid=US:en,what insider trading reveals about paylocity holding corporation stock  earnings overview report  capital efficient trading techniques  fundao cultural do par
KLAC Set to Report Q1 Earnings: What's in Store for the Stock? - Yahoo Finance,KLAC Set to Report Q1 Earnings: What's in Store for the Stock?  Yahoo Finance,"Mon, 27 Oct 2025 16:36:00 GMT",https://news.google.com/rss/articles/CBMifkFVX3lxTE9vS1pETmRremFuWnhvOTNNbC1ERlg1Z1FlMlI4eTcyUk1Sd3hSUHEwRUwzTlI0V19TZ3Z5THFEbFBfcWdfeF80Z1RHNjBpMDhBNlFKUWk0U194ZlhvaVROZXlXV1ZSZnY2RUVqcFZPZmNfaUJaaHYycGFvXzMxZw?oc=5&hl=en-US&gl=US&ceid=US:en,klac set to report q earnings whats in store for the stock  yahoo finance
Market Outlook: How LENZ Therapeutics Inc. stock trades before earnings - 2025 Top Gainers & Safe Swing Trade Setups - Fundação Cultural do Pará,Market Outlook: How LENZ Therapeutics Inc. stock trades before earnings - 2025 Top Gainers & Safe Swing Trade Setups  Fundação Cultural do Pará,"Mon, 27 Oct 2025 15:12:34 GMT",https://news.google.com/rss/articles/CBMilgFBVV95cUxNZXVkVDJ4OElISmNUanRodzEyV05BaXNhNnV5bTkwWGZVSjNWU0VRWEtHTDdOOXJMa3AtaXlNQkc3eW5lVkEzcEwzdWhlcU9yem11amxSUktzNXJoa01qMjJYSDBSdFhxcXVOcVpiLUxsN1VzVWpDd182RGZKcmpsUXMtSUFJSzJkU21leXJHUkZobEdVQlE?oc=5&hl=en-US&gl=US&ceid=US:en,market outlook how lenz therapeutics inc stock trades before earnings   top gainers  safe swing trade setups  fundao cultural do par
Can NEE.PRS stock hit record highs again - July 2025 Macro Moves & Precise Swing Trade Alerts - Fundação Cultural do Pará,Can NEE.PRS stock hit record highs again - July 2025 Macro Moves & Precise Swing Trade Alerts  Fundação Cultural do Pará,"Mon, 27 Oct 2025 19:03:27 GMT",https://news.google.com/rss/articles/CBMiiAFBVV95cUxOVTVwTi1nMEFMODdHWDI5U2RiZ0xPVEl0VTZIbWtLb1FnbHpEUjFSS1k5R2ZEZVBMT2Z3bmpPY3NkYS05MEFsQ1d4YnRSS1p0TlJqNTFySGZsUjFtRGdlMXBFdm83R2xRX2JQa29GQkZWVnZ0UlhHODdBS3l3SmpKYXJiNTkxdGZC?oc=5&hl=en-US&gl=US&ceid=US:en,can neeprs stock hit record highs again  july  macro moves  precise swing trade alerts  fundao cultural do par
Should Verizon Stock Be in Your Portfolio Pre Q3 Earnings? - Yahoo Finance,Should Verizon Stock Be in Your Portfolio Pre Q3 Earnings?  Yahoo Finance,"Mon, 27 Oct 2025 18:01:00 GMT",https://news.google.com/rss/articles/CBMiggFBVV95cUxOby1Xc0pNVEMtWkoxbVlSZXgtRGJycTVzQWdEalhmQW5sWmU5ZVktM2ZqeWw2RkJXZmJMdlM0ekFYMVNuc3dUNF9uWFNKWFotb0lCSVNjX0ZfNEwwOGpvMmUxVTlaRlAzVHhrMGhTdUhoZXdjczJCcUhTVWVrbURrU1pn?oc=5&hl=en-US&gl=US&ceid=US:en,should verizon stock be in your portfolio pre q earnings  yahoo finance
Will EICC stock sustain dividend payouts - 2025 Risk Factors & Weekly Stock Breakout Alerts - Fundação Cultural do Pará,Will EICC stock sustain dividend payouts - 2025 Risk Factors & Weekly Stock Breakout Alerts  Fundação Cultural do Pará,"Mon, 27 Oct 2025 20:43:47 GMT",https://news.google.com/rss/articles/CBMigwFBVV95cUxNaEpzQmxIQWpueGRTT3hvQnZkWFp5VzNoMndKVHgxbGgwUUduMnRYeHJIUS1vQWk4N3BLaXdjSTdDVlRSaTM3RDZEN044OTdEZUdNVTVuandqRXZkVEJjNzU0TGluRnJqNVpndUNVZ2pBZTkwSGZOckx2TUMteVIwVWN2OA?oc=5&hl=en-US&gl=US&ceid=US:en,will eicc stock sustain dividend payouts   risk factors  weekly stock breakout alerts  fundao cultural do par
"Berkshire stock downgraded by KBW, Robinhood's price target boost - Yahoo Finance","Berkshire stock downgraded by KBW, Robinhood's price target boost  Yahoo Finance","Mon, 27 Oct 2025 19:54:02 GMT",https://news.google.com/rss/articles/CBMikgFBVV95cUxQb0tkUDJ3SkxFX1NtV2t3NXMzeWlqZXZySS1lZEZ5NlFRT1lYUEpGS015OGFOaFY2U0pYZG41cEZicnNFRTVMdTc5WExBYnpmWmQwSzQwbHU1OFhvTnFwTzd2T1ZmUGF6XzdDdEhwTXZremhLLU12MU5DZ1dMejBoUEhsLWZLbmJzaUlHT0podE14QQ?oc=5&hl=en-US&gl=US&ceid=US:en,berkshire stock downgraded by kbw robinhoods price target boost  yahoo finance
What’s Happening in the Markets This Week - Morningstar,What’s Happening in the Markets This Week  Morningstar,"Fri, 24 Oct 2025 19:52:30 GMT",https://news.google.com/rss/articles/CBMieEFVX3lxTE1XRDdWVGxpWXNtdWNTOWI0Vk5ERGpSeWtsQlVZRVB1MDNfM0NyTU1LZmtwUWNNcGg0S1N4R0FBdjM1eUtYWnZwRGZWMnoweDNmazNJN1BzQWRsaHVlLVFCN1RNR3RZVkJINXowd0ZweFRVWEc0LWxWRw?oc=5&hl=en-US&gl=US&ceid=US:en,whats happening in the markets this week  morningstar
Market's Perilous Peak: Is the U.S. Stock Market More Overvalued Than Ever? - FinancialContent,Market's Perilous Peak: Is the U.S. Stock Market More Overvalued Than Ever?  FinancialContent,"Mon, 27 Oct 2025 18:39:00 GMT",https://news.google.com/rss/articles/CBMi3wFBVV95cUxNcmJpYTBaQV9NZ2JZQk9hR2hPeGFncnRaQXdVVm40dlg3Qm5lTDF2cWEtQWRWdVQ5enNDc1lPQ1BqMkR4U1I4M2JfOWtVcmNMemtXSXg4VXNUd29yQXVSLUxRMmVRc3JkdTQ1SUljczMxT2ZRNUVUQ205T1VJeHk2VEN5Um1UVmdjRjZUYkNIbWFlWnRqbWhzU055QmQ2Y0g3WHhFeFhvLTVxS1BubDQwSklPSk1YMTAydmhhLWNkUlk2OUtlbHhwaDk0VUUxSTJMbHppdDFkMDQySkRXa1g4?oc=5&hl=en-US&gl=US&ceid=US:en,markets perilous peak is the us stock market more overvalued than ever  financialcontent
Published on: 2025-10-27 08:46:21 - Fundação Cultural do Pará,Published on: 2025-10-27 08:46:21  Fundação Cultural do Pará,"Mon, 27 Oct 2025 11:46:21 GMT",https://news.google.com/rss/articles/CBMisgFBVV95cUxNOWNEb285cHdyUzRQMFVYVHoxaVBfM1FqS1NNTTR6ZEhTY0wxbDRiX1JVRVlXOExTTkEwbVhoT2RfakNVcXNjLW9hbVV2Q2gzZ0Y1eVR0UTZQbXRhcnNjazAwYU5SNEU5dXlRLU1peTdBXzVrZy1pcXN5MFF6TVYtT1RvVlI4SllNTlZ6emw4VVlYOG1Da3A1WkZhQmpLLTJKMl9PcUd4RVRzU1NISUVzN2lB?oc=5&hl=en-US&gl=US&ceid=US:en,published on    fundao cultural do par
"Delta, United Airlines, American and Marriott Surge in US Stock Market, Now Travel Industry Marks Major Gains, Full Details Here - Travel And Tour World","Delta, United Airlines, American and Marriott Surge in US Stock Market, Now Travel Industry Marks Major Gains, Full Details Here  Travel And Tour World","Mon, 27 Oct 2025 19:18:45 GMT",https://news.google.com/rss/articles/CBMigwJBVV95cUxOOEtfN3hfbG9QMVR1WURNZzhOQ2xFT05kOHUyT05qaElFNmlNNTVZaW9xLUdDS3BYcDBYYW9VVWhSNEhqOWZ6eUtZR1dYZV81enNjaXFqTnc5bE9Mc1dvRjZZS0UzMUxDeVljS1pIUzdHWFpMcFNqVmdLNGlKcEFuQXhiZGJVZWw0THhFckxnUnFhbHdoemJ2VDhTXzY1N3BCWU1OOWNfbEljc0gwbEFUd1NPSVlZcF80cGdIYkVScHlEbEV3NmtnWXZaR0tFVzZuSnZLYjhDbU1CaV8xRUhvRUwtNWl4QXVmWmdnOU5vbGF6NHhBU3k3X01FcTlkS2thTW13?oc=5&hl=en-US&gl=US&ceid=US:en,delta united airlines american and marriott surge in us stock market now travel industry marks major gains full details here  travel and tour world
Microsoft Stock Rises. Every Analyst Now Says Buy After Latest Upgrade. - Barron's,Microsoft Stock Rises. Every Analyst Now Says Buy After Latest Upgrade.  Barron's,"Mon, 27 Oct 2025 18:13:00 GMT",https://news.google.com/rss/articles/CBMi_gJBVV95cUxPd3AydGxfQUVqaFliNHFTNGlmQVlYckVBMUxnSG9XVjZlTnVLZkUzcjZCbVYzQ29FUDRCTGM3RVQ4VC1jYy1vcmVVRjl1VWhfOXYxT2ItT05SMDRJeU5iU0VReHlfNzVHZTlNa3BjOG1LR0hnUVdXd1V3MzFqdWxjTjg0azNNc3A1dXZSbVgzMkNLRzJIZWt4b2NDc2dZdm5oVVFaSEFhdnJUcHNvOXlvYnNObDA5N055dWdoTC1IVllLQjlQQzduZkNlLTNNM1BDYVRyc2d6MHVRYXdHUmROVWN1Um84bTFVVmtJYVc5X2VhV1pPVzBkbjZkazlELXRxUTM4Z3JBYnJmcEY5bGsyU0dMNktBWklydEoxMmNrWFNiSDdHNzc3aGxEVUwzeU9SNWlLNmxWTzcyUjJzRVdUX04yaFE2cUZteE1iMlZsX2Z1QWpnc2xSM0FxdGVGTE12eldiX2YwSVFPSm1BR19oSUpXS0F2NU5Xbmt1RVFR?oc=5&hl=en-US&gl=US&ceid=US:en,microsoft stock rises every analyst now says buy after latest upgrade  barrons
D.R. Horton (DHI): Assessing Valuation as Stock Diverges from Broader Market Trends - Yahoo Finance,D.R. Horton (DHI): Assessing Valuation as Stock Diverges from Broader Market Trends  Yahoo Finance,"Mon, 27 Oct 2025 21:09:00 GMT",https://news.google.com/rss/articles/CBMiekFVX3lxTE5VUE91V1AxS3Zfako0M3JBamhtMDF4bFlyTHJIYndDNmRvR0QtMzFnc0ZWLU9LdE8yZ0xSMTZ6UjJRdXpIOXRJUlI3ai1TS0RqM3JsSGR2Nm9XaklLRk1iOUctQUhNZG5weG41VnZEc29hYUVHS2tXYjV3?oc=5&hl=en-US&gl=US&ceid=US:en,dr horton dhi assessing valuation as stock diverges from broader market trends  yahoo finance
Can Johnson Outdoors Inc. stock deliver sustainable ROE - July 2025 Weekly Recap & Risk Controlled Swing Alerts - Fundação Cultural do Pará,Can Johnson Outdoors Inc. stock deliver sustainable ROE - July 2025 Weekly Recap & Risk Controlled Swing Alerts  Fundação Cultural do Pará,"Mon, 27 Oct 2025 17:37:28 GMT",https://news.google.com/rss/articles/CBMinAFBVV95cUxPSmRVQ3FiNXNsSmxrZWxSeEM4UEttQW9GWUh5V2Z6VFhuZEkyVThkd0QxV094anU5RUJxLWlwRWlaWWtiMFZyOHpBM1o4RTZuN1p5ZHpBTGdVMkZDR2dhbE9UbFlQblBiNk9hM2M0RkgyTW5TbW0tYjF4MFZLSzBSQjFWaFU5NWxMU01wOWxMQ0kxMVR1VHlDNWozalo?oc=5&hl=en-US&gl=US&ceid=US:en,can johnson outdoors inc stock deliver sustainable roe  july  weekly recap  risk controlled swing alerts  fundao cultural do par
"Dow closes down 300 points on trade fears, latest earnings - CNBC","Dow closes down 300 points on trade fears, latest earnings  CNBC","Wed, 22 Oct 2025 20:03:45 GMT",https://news.google.com/rss/articles/CBMid0FVX3lxTE94a2wzalh4WEM4cmE2dUNGa3RPcXg2ZFhVTzdEX0NCczVNUmVoSlZvM3hBWXlsNnRER1NfRzlNdnROTVFKTU1ZSjd1RUUtU290UlY4MUgzckxYNFlRYzNPbmdpaDhhNmRtWnFYUnEzal96WDFqVGRv0gF8QVVfeXFMTzhJQVUwWXZabmdLdXA4Z2dNQzN5RlBMTEJLSjI1UUEtb3VIVXdnc1h3eGE3Y3IzMkFORXczV1Jkc2JmQ09YdFVMTmFsLWw3U3RPdHpoZ2VvRzB3ZWxBbTJ4TVZnelF3WnU2NUFyUG40WmpDM1NlNDZSbWE3eg?oc=5&hl=en-US&gl=US&ceid=US:en,dow closes down  points on trade fears latest earnings  cnbc
What dividend safety score for UMBF stock - 2025 Big Picture & Fast Moving Trade Plans - Fundação Cultural do Pará,What dividend safety score for UMBF stock - 2025 Big Picture & Fast Moving Trade Plans  Fundação Cultural do Pará,"Mon, 27 Oct 2025 12:16:50 GMT",https://news.google.com/rss/articles/CBMifkFVX3lxTE8wQ293MXF6X0dOeWdIYnl5Vm5kM3k1MkJMUzVnbVMxRXN1TGRQQmdiTFlnNkRqOVBDSnZhTUlxODZMVl83Um1SeTFDS0Z5RzhCWmFIMXBlM0M2cnBnQjdvRGN3ajNnTzRybnlIQV9iN21ULWsteHAxRlFJaWJPUQ?oc=5&hl=en-US&gl=US&ceid=US:en,what dividend safety score for umbf stock   big picture  fast moving trade plans  fundao cultural do par
Why HOFV stock could be next big winner - 2025 Big Picture & Proven Capital Preservation Methods - Fundação Cultural do Pará,Why HOFV stock could be next big winner - 2025 Big Picture & Proven Capital Preservation Methods  Fundação Cultural do Pará,"Mon, 27 Oct 2025 20:07:54 GMT",https://news.google.com/rss/articles/CBMigAFBVV95cUxQdHVaU1pEcDVXZ0dIbEYtUWpEV2hpS0NnR3g0bExLMGVwNFpNWVVRY2JoME1nT2R4Z2M4Y21sOHUzd2tXZHBlR052MWc1NFFGMVlUclJRT3N4YXlFeTNxTjZtS1VfSy1TY1I4N3JmdDEwY3NUb3NGeWxHb3JBczdDRg?oc=5&hl=en-US&gl=US&ceid=US:en,why hofv stock could be next big winner   big picture  proven capital preservation methods  fundao cultural do par
"Cybersecurity Stocks: With Earnings On The Way, Focus Shifts To 2026 Outlooks - Investor's Business Daily","Cybersecurity Stocks: With Earnings On The Way, Focus Shifts To 2026 Outlooks  Investor's Business Daily","Mon, 27 Oct 2025 17:34:28 GMT",https://news.google.com/rss/articles/CBMijwFBVV95cUxQRVUxeG1CZFE4eE1uNi0wTVo5bzkzRVY0dEpKOFhFUnJNeTl4c1pFSlp6NnlfaVlfdmRBSmR2OF9tTmFSdTJTWkU5eTVDOWVHREZvT1hfSXdOSUhQZVQwY24yWkE4c0RiMkwtY0dUV3VDOW5BWU1DQ3c2d0xOc2E4Y3JISUZkVWk3cFpNaC1nSQ?oc=5&hl=en-US&gl=US&ceid=US:en,cybersecurity stocks with earnings on the way focus shifts to  outlooks  investors business daily
Stock market today: Dow jumps 200 points to record high as Wall Street cheers start of earnings season - Yahoo Finance,Stock market today: Dow jumps 200 points to record high as Wall Street cheers start of earnings season  Yahoo Finance,"Tue, 21 Oct 2025 22:33:30 GMT",https://news.google.com/rss/articles/CBMi5wFBVV95cUxQbjNkR2k2TklacFFJRERFelV6QzI1OEhVZlJMRWlKTFBnakJYQXhwT3c4aXBhcVFtU0w4U3dzeGY2V25nUUVVZFlpWG5KVmRBOEhyd3hnRWladmtpemwxOUJBMVdMcUNMWkl3TTRySGNnS201dEE2VkxEMFVLV1JvMTZ4QVRTMTRGZHVKa1NtRTQ3Vy1vTC1vSjIwd253cmpRTTFvRkhPYTM5LTJka2NqU2stbWVIUUliajd5ZjdqczhjNVZMd1V0T2FFal81OG5XdElRMXdpbFdzemlKOWx3X25tUnhKZTQ?oc=5&hl=en-US&gl=US&ceid=US:en,stock market today dow jumps  points to record high as wall street cheers start of earnings season  yahoo finance
Profit Review: Can inTEST Corporation stock deliver surprise earnings beat - 2025 Earnings Impact & Free Community Consensus Stock Picks - Fundação Cultural do Pará,Profit Review: Can inTEST Corporation stock deliver surprise earnings beat - 2025 Earnings Impact & Free Community Consensus Stock Picks  Fundação Cultural do Pará,"Mon, 27 Oct 2025 17:11:42 GMT",https://news.google.com/rss/articles/CBMilgFBVV95cUxONFAwOHlqRFktYm81MFNSUFNEUUsxNkhBWVNKV1I4NDVsVFR0N3k0bWRNaTl0RVFZaTdBSHZ6a3Y5UVRUbU5NcW1iZUM2TWdyRUVTbE9EeVB6aG5VdmN1MzRta0R5VmJpNGVRT0NpN1RJaFU5Y3VVd2Y1dl81OTlFSWZPcDdQN3hIOVZYQ1NXLVNrVUpCN3c?oc=5&hl=en-US&gl=US&ceid=US:en,profit review can intest corporation stock deliver surprise earnings beat   earnings impact  free community consensus stock picks  fundao cultural do par
Can Unusual Machines Inc. stock surprise with earnings upside - Earnings Risk Report & Fast Gaining Stock Strategy Reports - Fundação Cultural do Pará,Can Unusual Machines Inc. stock surprise with earnings upside - Earnings Risk Report & Fast Gaining Stock Strategy Reports  Fundação Cultural do Pará,"Mon, 27 Oct 2025 19:03:27 GMT",https://news.google.com/rss/articles/CBMimAFBVV95cUxQWXBoSXhYWG4yYlU2a2o1WTFfQU1YSGNiRVQ3X0FBaFVFTnlDekNkYWpiUnRMOXhJTm1aVkxpbW5CcXhGYi1VdXNENXVmeExtZVJzbkJwRm1xeW1vSngwdlFMR21lMGg1XzFiaC1JNGVCc1JqZF9BR1lCWGhFVXFsOXpXYTNNeWdjNDg1NjJJWkZGX29kczVWQg?oc=5&hl=en-US&gl=US&ceid=US:en,can unusual machines inc stock surprise with earnings upside  earnings risk report  fast gaining stock strategy reports  fundao cultural do par
How Daiichi Sankyo Company Limited (D4S) stock responds to job market shifts - July 2025 News Drivers & Momentum Based Trading Ideas - Fundação Cultural do Pará,How Daiichi Sankyo Company Limited (D4S) stock responds to job market shifts - July 2025 News Drivers & Momentum Based Trading Ideas  Fundação Cultural do Pará,"Mon, 27 Oct 2025 18:38:14 GMT",https://news.google.com/rss/articles/CBMirAFBVV95cUxQVFhKdG1nT0tJOTg3Y1dDbEdFR2Vsel93dGYtQzBNZDFqZjNYZTZEVGFNajFzZXFQRkphWnJEM253TXEyRWwzaEZyLWhTbWZ1SGNtR2JoM3IyTlRGRThzSDdJa21PRjhscm5Tb1hNZTdHYnd5eFg1b1pFMUZ3QXJPX0xpR2stWjl1Rm93YTZ6VlE0RnBVOXh3SGxDbS02d0Y2alpGQVhZMmlQVFc4?oc=5&hl=en-US&gl=US&ceid=US:en,how daiichi sankyo company limited ds stock responds to job market shifts  july  news drivers  momentum based trading ideas  fundao cultural do par
Is Safehold Inc. New stock considered safe haven - Market Sentiment Summary & Fast Moving Trade Plans - Fundação Cultural do Pará,Is Safehold Inc. New stock considered safe haven - Market Sentiment Summary & Fast Moving Trade Plans  Fundação Cultural do Pará,"Mon, 27 Oct 2025 19:18:01 GMT",https://news.google.com/rss/articles/CBMihwFBVV95cUxNSUhGRHFCZGQzZEQzYTNldXBsRDZtVEhZaDhHNnJPODJPVUJVZDNJaTFRaU5JVm9TOHpnM0dRUWFuQmFiMHludEluSnU2YVo2VktuUk1lMTRfUnROMHplbWNwNDJmcHp2U3Qwd1VlYmZFRnRLZlFEQy16TlhEWWJhSE5HbExraGM?oc=5&hl=en-US&gl=US&ceid=US:en,is safehold inc new stock considered safe haven  market sentiment summary  fast moving trade plans  fundao cultural do par
Should Sprouts Farmers Stock Be in Your Portfolio Pre-Q3 Earnings? - Yahoo Finance,Should Sprouts Farmers Stock Be in Your Portfolio Pre-Q3 Earnings?  Yahoo Finance,"Mon, 27 Oct 2025 14:29:00 GMT",https://news.google.com/rss/articles/CBMiiAFBVV95cUxNb3RVWmV2YUZuaFJyR3FWd3A2ekVzblVfYXYyb3VRSVJoWDdlTDRlOXl1dTUyU0hhOFpBRVpSdGV3SnZaT3RTVlE5ZlVrdzQ1RWZwMmYwc0RJN2ItYUd6OXcwVFVWdUVzODlRdkdvSV9GMy1WTUdfbXlHVXVrTEFiei1OeWZ4blkw?oc=5&hl=en-US&gl=US&ceid=US:en,should sprouts farmers stock be in your portfolio preq earnings  yahoo finance
What is the fair value of Sonder Holdings Inc. Equity Warrant stock now - Analyst Downgrade & Precise Entry and Exit Recommendations - Fundação Cultural do Pará,What is the fair value of Sonder Holdings Inc. Equity Warrant stock now - Analyst Downgrade & Precise Entry and Exit Recommendations  Fundação Cultural do Pará,"Mon, 27 Oct 2025 18:03:57 GMT",https://news.google.com/rss/articles/CBMisAFBVV95cUxNMXh4anBoR0dTOFpqVTg4YTBPNFNzMTBNRk55ZktJTXJSaVlEaU5rRTNHd0duSHM5WnhBUEVsZnlxc2JsWmRmeDZUaEZWQTUyUmZPd01pbVRueE5hTzh4bVVobnp3M3JvMWpCNmxEMkJZOXpEV2ttOENXSVVyNGExelJWbWM0MzNuenlIdEp2aDN1ZVctOVU0S21oT0x4d1VjYndvZlZNaktsQmExNDdMVA?oc=5&hl=en-US&gl=US&ceid=US:en,what is the fair value of sonder holdings inc equity warrant stock now  analyst downgrade  precise entry and exit recommendations  fundao cultural do par
5 top rare earth stock picks ahead of Trump and Xi meeting - Yahoo Finance,5 top rare earth stock picks ahead of Trump and Xi meeting  Yahoo Finance,"Mon, 27 Oct 2025 19:15:42 GMT",https://news.google.com/rss/articles/CBMieEFVX3lxTFBZaVhhYURuWEg0NzZ3MVBfMTVTd050RnJOTl94MFRuYy1XRkRRLWZEQVJJZEtVRjJ4UGhtY1NOdGNvN0RHWm5yVG5qdFBYMlhUckNOUVAzVnFITHduMWs5aGhFRDFXaEVDc1F3WE5hZDNNMG9rVjlucQ?oc=5&hl=en-US&gl=US&ceid=US:en,top rare earth stock picks ahead of trump and xi meeting  yahoo finance
How CERY stock expands through international markets - Quarterly Trade Review & Risk Managed Investment Strategies - Fundação Cultural do Pará,How CERY stock expands through international markets - Quarterly Trade Review & Risk Managed Investment Strategies  Fundação Cultural do Pará,"Mon, 27 Oct 2025 16:00:51 GMT",https://news.google.com/rss/articles/CBMimAFBVV95cUxNVm5CZXJnVnVzdDFYRGJYaFV2MVgyVFBIWXNDQWV1dnRycmFqSkVURGd0VkhNd05ZU1pPb3ZEWmNUMEN1SlB1X1VaaWlFUXZzSVptYzM1RUN3M1N6UlVTSEpCT2ZJcWFfaTNDMC1QUjRvVVlsamJtSzhzNFNScld3bThkVllOcDdyd2cyb3QxTEk3bHlnWFg0eA?oc=5&hl=en-US&gl=US&ceid=US:en,how cery stock expands through international markets  quarterly trade review  risk managed investment strategies  fundao cultural do par
How MTRN stock compares to growth peers - Quarterly Earnings Report & Long-Term Safe Investment Plans - Fundação Cultural do Pará,How MTRN stock compares to growth peers - Quarterly Earnings Report & Long-Term Safe Investment Plans  Fundação Cultural do Pará,"Mon, 27 Oct 2025 21:35:47 GMT",https://news.google.com/rss/articles/CBMiggFBVV95cUxOLWhTZGttZjJpRGVjQkx2VWMzMWpmdFp1MFdSMUlSaXFiaWpCQmk2bWMweDBEZHJQdnAyOTkwdUZmQWFmYnhUVkxJYi1oZHYtdE1waHJZRDdwT2RwZ1l1Zk1sd1FjMHhtWmx6Y0xIYzF4NndYbGRiTzl0YW5SMDI2akJ3?oc=5&hl=en-US&gl=US&ceid=US:en,how mtrn stock compares to growth peers  quarterly earnings report  longterm safe investment plans  fundao cultural do par
"Buy, Sell or Hold Lilly Stock? Key Tips Ahead of Q3 Earnings - Yahoo Finance","Buy, Sell or Hold Lilly Stock? Key Tips Ahead of Q3 Earnings  Yahoo Finance","Mon, 27 Oct 2025 13:52:00 GMT",https://news.google.com/rss/articles/CBMie0FVX3lxTE4wOFAyOC1RVTFIaDBySmlWMUlSZGVzbHJ3R3VOX2R5dlVfY1VRQzA1RHVKWmlZMThfbV85b1lyZ0J1NXlQRVcxc3Z5WVFxZkRoUVQ4blhzMVNtMHY1bUlPZENOOTM4TllfbmxDXzFmUFpMZUFsSzFsZlROUQ?oc=5&hl=en-US&gl=US&ceid=US:en,buy sell or hold lilly stock key tips ahead of q earnings  yahoo finance
"Earnings will be the key driver of stock performance, not Fed rate cuts – Citi Wealth’s CIO - Seeking Alpha","Earnings will be the key driver of stock performance, not Fed rate cuts – Citi Wealth’s CIO  Seeking Alpha","Mon, 27 Oct 2025 18:38:14 GMT",https://news.google.com/rss/articles/CBMixAFBVV95cUxPSlZLMENhRThVeXItdzBwR1gwRUZFanVaTXZ0QkJCSDVWQWp2SG05V24xdXpwelF0S0l3Y3dQczhYelc0V1FpMThTRmhNNDFuNzN3NUFxVFNNVzA4Y2tiZEFyMVo2Nm5jYXZDaEMwYW90VVF3ZWY4Ym0tT1BDemxNWDBaSUtxR3hubm13Rk9VZDd5TmhVR3NMY1ZZdko2a2FoYVprUmhwTTFZWE1qalFmQjFIVEJJZEVwcEFCclktSkpERXRX?oc=5&hl=en-US&gl=US&ceid=US:en,earnings will be the key driver of stock performance not fed rate cuts  citi wealths cio  seeking alpha
Should You Buy Advanced Micro Devices Stock Before Nov. 4? - The Motley Fool,Should You Buy Advanced Micro Devices Stock Before Nov. 4?  The Motley Fool,"Mon, 27 Oct 2025 19:33:00 GMT",https://news.google.com/rss/articles/CBMijwFBVV95cUxPZlkxS1JlZWNnamJvZ2xGNHBkNEVycU9hMDU5UWh3OTBXOHd6WlREcHhLR1FnZGp3TDZRNkVwNnc3UzJJM01LVFB2Nkk0MEVMRGRUVEpDVmpRZllyWU1jU3RGVWtSNWZZb256WjVuZjZjVmY2Tm9iNkRRMG5EV044dW1ianJ5bEJpZUxydGhxTQ?oc=5&hl=en-US&gl=US&ceid=US:en,should you buy advanced micro devices stock before nov   the motley fool
